From Date,PM2.5,PM10,NO,NO2,NOx,NH3,SO2,CO,Ozone,Benzene,Toluene,Temp,RH,WS,WD,SR,BP,AT,RF,TOT-RF,AQI
01-01-2024 00:00,173.91,259.59,4.95,3.3,8.2,50.63,4.05,1.37,7.36,1.42,2.74,None,75.02,0.83,144.81,38.23,987.63,10.73,0,0,350
02-01-2024 00:00,181.09,275.94,10.18,3.17,13.34,56.43,3.7,1.59,8.87,1.57,3.41,None,72.5,0.68,123.8,52.67,986.92,10.36,0,0,353
03-01-2024 00:00,186.42,264.86,22.72,26.9,34.79,56.94,1.9,2.03,8.03,4.12,10.56,None,84.26,0.85,101.49,32.82,986.81,9.72,0,0,337
04-01-2024 00:00,226.35,330.76,16.92,50.46,40.69,53.73,4.22,1.41,3.24,5.38,14.85,None,82.69,0.76,230.73,17.4,987.06,10.16,0,0,378
05-01-2024 00:00,174.19,289.28,14.02,46.62,36.2,56.67,4.57,1.65,2.99,5.3,14,None,85.81,0.87,163.8,12.15,987.05,10.76,0,0,358
06-01-2024 00:00,171.69,248.97,12.03,52.38,37.74,48.56,8.4,1.8,10,5.53,25.11,None,78.41,1.01,119.6,30.98,988.73,10.53,0,0,325
07-01-2024 00:00,180.29,266.34,11.93,50.37,36.59,44.16,12.71,1.27,15.35,4.3,12.74,None,76.43,0.87,174.48,49.21,989.28,10.72,0,0,351
08-01-2024 00:00,241.08,403.54,36.27,69.78,65.57,48.49,13.37,1.9,10.83,5.08,15.53,None,82.46,0.76,156.99,33.31,989.05,10.18,0,0,363
09-01-2024 00:00,145.42,222.35,5.5,42.29,26.97,43.8,11.05,1.17,9.45,5.1,15.7,None,82.04,0.97,201.14,21.42,989.11,10.29,0,0,369
10-01-2024 00:00,155.51,245.41,7.48,39.95,27.67,50.45,9.91,1.85,11.45,5.15,15.76,None,78.62,0.91,235.92,47.14,987.66,9.74,0,0,305
11-01-2024 00:00,218.23,335.5,33.11,65.85,58.71,53.44,9.67,2.2,28.21,5.01,19.96,None,71.04,0.72,223.24,68.89,984.69,11.12,0,0,
12-01-2024 00:00,192.67,257.78,29.53,57.65,54.72,49.02,10.29,1.26,21.92,5.83,20.63,None,78.45,0.78,215.22,58.7,985.44,9.97,0,0,360
13-01-2024 00:00,380.23,517,117.32,92.06,144.52,65.48,16.87,2.82,17.75,10.2,29.4,None,83.05,0.73,150.52,39.95,984.85,9.6,0,0,418
14-01-2024 00:00,279.88,464.17,119.67,88.1,143.33,65.84,18.68,2.39,2.96,9.96,30.3,None,80.35,0.72,179.45,50.79,984.77,10.01,0,0,451
15-01-2024 00:00,200.48,260.9,82.55,72.95,105.59,51.83,16.94,1.3,2.94,7.07,26.13,None,75.99,0.73,208.38,61.24,984.31,10.21,0,0,375
16-01-2024 00:00,243.36,296.02,79.98,65.22,99.77,60.83,15.73,1.78,2.92,11.55,41.49,None,84.45,0.98,161.56,49.52,982.73,9.4,0,0,373
17-01-2024 00:00,194.36,267.7,25.98,55.54,51.28,56.73,16.19,1.22,2.92,11.2,39.8,None,77.71,0.91,150.43,61.42,982.74,9.8,0,0,359
18-01-2024 00:00,159.58,232.68,29.2,60.41,55.87,50.12,15.87,1.24,2.9,11.2,39.8,None,81.9,0.86,145.34,54.89,984.77,9.97,0,0,312
19-01-2024 00:00,181.01,250.72,18.35,57.89,45.96,51.34,12.49,0.72,2.88,11.2,39.8,None,83.07,0.96,167.92,33.35,986.44,9.65,0,0,359
20-01-2024 00:00,182.56,253.6,36.86,58.16,58.83,49.22,13.46,1.55,2.97,11.2,39.8,None,75.47,0.79,169.61,50.76,986.65,10.28,0,0,329
21-01-2024 00:00,192.18,267.74,40.07,59.29,63.92,51,11.31,1.16,2.97,11.2,39.8,None,83.43,0.81,229.57,48.88,986.02,9.47,0,0,370
22-01-2024 00:00,202.23,300.27,25.99,55.64,50.75,52.24,12.96,1.4,2.9,11.2,39.8,None,77.12,0.91,158.88,54.58,987.1,9.82,0,0,339
23-01-2024 00:00,231.95,340.06,11.2,70.73,46.79,57.28,11.98,1.28,2.94,11.2,39.8,None,79.09,1.03,146.4,49.94,986.01,10.56,0,0,368
24-01-2024 00:00,254.41,364.36,39.04,72.85,70.46,59.1,10.01,1.55,2.99,11.2,39.8,None,79.76,0.87,138.43,44.73,986.11,10.25,0,0,419
25-01-2024 00:00,221.51,312.32,66.64,80.35,96.91,57.51,11.33,1.86,2.95,11.2,39.8,None,80.12,0.81,171.15,57.61,988.15,10.11,0,0,354
26-01-2024 00:00,360.58,443.34,178.95,105.03,201.24,67.09,11.25,2.38,2.92,11.2,39.8,None,80.8,0.62,177.12,53.49,988.74,10.51,0,0,446
27-01-2024 00:00,179.26,253.22,104,76.04,124.96,46.01,12.09,1.58,2.93,11.2,39.8,None,69.67,0.78,222.77,75.95,986.86,11.64,0,0,384
28-01-2024 00:00,255.44,362.58,140.02,94.37,164.01,61.57,8.43,1.39,2.88,11.2,39.8,None,79.86,0.78,156.52,41.39,985.73,10.68,0,0,348
29-01-2024 00:00,212.02,305.58,41.27,67.3,69.34,56.09,5.48,1.81,2.91,9.04,30.79,None,78.68,0.8,165.21,61.57,985.67,11.69,0.19,18,362
30-01-2024 00:00,292.6,380.28,66.07,76.57,94.2,60.82,5.61,1.47,4.05,8.64,25.04,None,85.06,0.75,187.49,44.3,984.75,11.36,0,0,408
31-01-2024 00:00,295.55,335.94,84.78,77.62,110.11,66.16,8.07,1.29,3.83,9.89,27.32,None,89.31,0.84,145.66,27.11,983.77,11.28,0.11,10,437
01-02-2024 00:00,101.11,110,9.49,43.99,31.23,46.77,8.11,0.95,16.32,10.2,28.9,None,85.41,1.17,151.7,39.55,983.94,12.39,0.09,8.5,
02-02-2024 00:00,127.03,154.72,41.57,50.47,61.08,43.65,8.16,0.98,18.33,10.2,28.9,None,83.4,0.8,209.59,86.2,987.04,11.69,0,0,263
03-02-2024 00:00,83.98,140.89,48.42,65.47,74.64,33.97,10.4,1.17,22.71,10.2,28.9,None,67.16,0.78,221.77,67.36,985.26,12.48,0,0,210
04-02-2024 00:00,149.69,188.71,60.3,60.2,81.55,49.49,4.66,1.18,15.59,None,None,None,81.61,0.92,157.66,43.52,984.41,12.84,0.02,1.5,290
05-02-2024 00:00,95.66,130.58,10.7,41.37,30.85,43.51,5.47,0.95,24.15,None,None,None,78.64,0.84,213.22,78.2,985.39,13.08,0,0,251
06-02-2024 00:00,71.93,126.1,34.23,54.43,54.97,28.96,7.4,1.15,33.59,4.56,15.84,None,71.61,0.89,223.2,108.79,987.29,11.72,0,0,179
07-02-2024 00:00,78.24,138.98,10.08,54.64,37.29,29.76,9.99,0.73,50.67,2.85,11.71,None,63.55,1.08,242.83,94.49,987.86,11.83,0,0,156
08-02-2024 00:00,72.39,119.36,1.88,41.16,23.37,30.81,11.36,0.84,63.69,2.06,8.63,None,63.06,1.11,226.65,100.25,986.1,12.21,0,0,173
09-02-2024 00:00,67.55,135.09,87.6,67.43,104.81,27.35,12.32,1.5,50.43,3.32,15.58,None,61.51,0.79,221.95,115.03,987.05,12.44,0,0,151
10-02-2024 00:00,186.33,279.88,160.93,96.19,181.75,43.36,11.05,1.87,35.84,7.87,38.29,None,70.77,0.72,189.26,83.98,989.45,12.22,0,0,295
11-02-2024 00:00,174.56,241.57,66.76,77.04,95.29,47.39,13.19,1.41,38.58,5.6,25.5,None,70.66,0.71,208.83,96.25,988.9,12.8,0,0,347
12-02-2024 00:00,179.02,245.66,53.99,78.74,85.78,47.45,12.88,0.91,47.09,4.61,17.96,None,72.91,0.71,183.17,68.88,987.95,12.83,0,0,335
13-02-2024 00:00,211.58,300.35,151.41,98.6,175.39,49.93,13.07,1.92,33.97,3.73,15.44,None,73.94,0.59,212.31,65.38,987.11,12.88,0,0,367
14-02-2024 00:00,205.13,282.27,66.32,77.63,94.64,49.79,13.62,1.87,49.24,4.3,23.1,None,72.44,0.68,230.99,101.55,986.59,13.62,0,0,368
15-02-2024 00:00,105.45,183.08,70.47,84.33,84.97,35.04,9.89,1.68,110.52,4.66,28.68,None,57.26,0.89,229.4,160.17,986.96,15.4,0,0,
16-02-2024 00:00,120.93,203.86,97.47,91.22,127.79,35.81,10.34,1.63,63.44,4.45,25.24,None,65.69,0.84,213.08,121.83,987.35,15.96,0,0,279
17-02-2024 00:00,116.31,187.32,107.86,90.61,135.81,35.42,14.45,2.5,48.82,4.2,20.72,None,65.98,0.81,227.67,125.84,983.09,19.47,0,0,242
18-02-2024 00:00,125.74,204.12,159.82,93.15,179.38,36.36,10.46,2.79,48.74,3.39,15.44,None,66.76,0.92,175.09,113.21,980.48,20.29,0,0,248
19-02-2024 00:00,101.56,206.34,12.06,53.89,38.54,44.63,7.63,1.67,72.11,1.98,4.66,None,62.85,1.45,139.4,104.11,978.89,21.27,0,0,249
20-02-2024 00:00,148.02,213.73,36.09,69.66,67.09,53.81,9.79,2.49,32.18,3.1,11.53,None,74.91,0.87,144.26,76.31,978.57,21.34,0.01,1,280
21-02-2024 00:00,104.69,189.95,23.41,55.1,48.48,48.73,6.72,2.1,48.25,3.27,16.81,None,64.25,1.04,202.12,119.98,979.09,21.15,0,0,292
22-02-2024 00:00,60.89,132.81,17.66,69.55,51.52,31.62,11.34,1.89,42.78,2.65,13.92,None,54.24,1.04,223.1,125.93,981.84,20.81,0,0,137
23-02-2024 00:00,56.11,120.05,40.42,72.84,71.6,28.62,10.06,2.05,43.57,2.69,15.48,None,56.18,0.86,217.03,138.36,984.33,19.47,0,0,110
24-02-2024 00:00,85.05,181.34,103.47,99.92,137.25,28.63,13.73,2.72,43.34,4.09,25.18,None,58.44,0.73,173.8,99.18,984.8,19.4,0,0,181
25-02-2024 00:00,85.33,150.53,36.93,75.3,70.41,30.79,16.01,2.06,48.88,2.67,11.28,None,53.32,1.01,136.83,111.72,987.36,20.12,0,0,209
26-02-2024 00:00,66.29,140.54,73.46,86.21,105.56,29.2,14.44,2.43,48.12,2.87,14.22,None,51.58,0.9,146.73,85.35,987.3,20.31,0,0,167
27-02-2024 00:00,62.06,109.65,27.9,67.05,58.56,32.24,11,1.94,41.75,2.39,16.4,None,56.71,1.2,168.1,108.26,987.01,20.23,0,0,136
28-02-2024 00:00,68.36,114.91,6.74,47.29,30.67,33.55,11.05,1.7,54.08,2.61,9.35,None,63.27,1.13,240.55,197.83,985.75,20.08,0,0,
29-02-2024 00:00,48.23,109.92,56.37,72.36,84.36,28.18,11.74,2.31,75.88,3.15,17.43,None,51.86,1.09,218.8,183.86,984.43,22.65,0,0,
01-03-2024 00:00,93.97,179.56,78.81,89.64,112.36,33.83,15.92,2.68,54.99,4.37,20.81,None,60.74,0.97,162.6,103.8,982.96,21.89,0,0,224
02-03-2024 00:00,34.06,63.32,3.88,34.15,21.32,34.89,7.96,1.67,40.69,1.21,2.46,None,68.85,1.86,155.23,79.97,980.49,21.52,0.01,1,89
03-03-2024 00:00,52.01,150.47,4.39,40.61,25.17,31.41,10.47,1.76,48.69,1.4,6.12,None,63.94,1.15,174.98,113.49,981.02,20.82,0.03,3,103
04-03-2024 00:00,43.33,97.03,10.83,46.85,33.69,23.38,11.31,1.79,57.62,1.79,7.49,None,53.7,1.24,131.36,152.88,985.27,20.13,0,0,157
05-03-2024 00:00,47.12,92.45,3.26,41.98,24.98,24.24,12.94,1.73,71.49,1.81,8.75,None,52.34,1.15,222.71,155.01,985.82,19.57,0,0,97
06-03-2024 00:00,59.08,105.75,12.01,54.86,37.86,25.46,11.95,1.94,68.49,2.49,13.48,None,53.68,0.93,229.45,123.89,983.49,19.43,0,0,167
07-03-2024 00:00,71.17,139.8,60.43,78.76,91,27.77,8.89,2.3,49.95,3.44,21.52,None,57.68,0.89,207.69,139.8,984.14,19.97,0,0,155
08-03-2024 00:00,55.72,117.71,16.96,61.4,46.37,28.43,10.76,1.88,58.49,2.49,14.66,None,55.21,1.06,205.69,148.79,984.99,19.19,0,0,114
09-03-2024 00:00,50.55,103.48,21.41,63.63,51.29,26.5,9.28,1.92,62.21,2.52,13.2,None,55.02,1.01,235.69,154.45,984.11,18.93,0,0,110
10-03-2024 00:00,84.92,157.84,32.51,77.19,67.5,29.32,16.38,2.14,64.14,3.37,14.13,None,55.4,0.91,206.07,140.23,983.38,19.47,0,0,226
11-03-2024 00:00,88.51,167.31,39.14,76.7,72.63,31.01,15.76,2.21,53.21,3.16,11.61,None,53.84,1.01,168.44,135.52,984.88,21.06,0,0,189
12-03-2024 00:00,81.52,155.77,15.88,67.56,48.84,33.49,16.18,1.93,61.18,3.08,15.01,None,55.05,1.05,207.34,135.76,983.35,20.98,0,0,184
13-03-2024 00:00,71.25,132.02,33.66,72.63,65.98,32.08,13.77,2.02,50.51,2.54,12.44,None,59.74,0.91,196.17,126.21,981.1,20.4,0,0,135
14-03-2024 00:00,76.92,152.3,41.42,58.12,64.92,35.04,12.44,2.05,59.73,2.8,13.85,None,57.28,1.26,173.97,138.11,983.47,20.89,0,0,160
15-03-2024 00:00,31.46,90.15,29.79,57.07,54.66,23.78,12.06,1.52,55.81,2.09,10.28,None,48.86,1.27,247.14,164.91,982.92,20.28,0,0,94
16-03-2024 00:00,61.63,130.79,34.62,73.69,67.33,26.62,13.31,1.42,50.56,3.47,17.79,None,54.11,0.94,209.03,146.1,984.24,20.05,0,0,114
17-03-2024 00:00,81.44,150.55,29.67,76.25,64.61,28.49,13.42,1.37,52.29,2.71,14.77,None,54.02,1.01,198.43,139.77,983.66,20.18,0,0,189
18-03-2024 00:00,89.76,160.08,38.9,75.11,71.61,31.12,11.08,1.44,48.38,2.82,13.93,None,55.33,0.96,229.86,152.18,982.82,20.31,0,0,185
19-03-2024 00:00,96.73,189.19,46.88,81.34,81.36,31.8,17.17,1.57,55.31,3.82,18.7,None,53.77,0.89,217.34,141.15,982.27,20.79,0,0,180
20-03-2024 00:00,103.35,190,57.85,83.25,91.3,34.44,14.06,1.64,48.12,3.97,21.34,None,54.7,1.04,185.76,144.84,982.21,21.53,0,0,204
21-03-2024 00:00,72.34,146.56,26.97,48.46,47.75,38.82,9.92,1.2,57.98,2.58,9.74,None,62.6,1.26,143.91,136.61,982.43,20.83,0,0,150
22-03-2024 00:00,82.69,163.92,62.57,73.12,90.41,41.22,11.67,1.81,51.54,3.05,12.36,None,61.54,0.99,146.7,131.73,978.95,21.94,0,0,162
23-03-2024 00:00,85.1,174.49,69.52,79.82,98.99,33.77,9.07,1.7,48.74,3.54,22.21,None,56.04,1.14,219.83,150.62,977.7,22.62,0,0,214
24-03-2024 00:00,73.14,171.64,39.14,61.92,64.78,30.15,8.67,1.25,50.45,2.26,11.95,None,59.26,1.2,199.57,81.5,980.11,21.22,0,0,157
25-03-2024 00:00,88.95,132,17.56,44.03,37.53,34.15,8.08,1.22,46.53,2.06,8.39,None,57.51,1.21,241.99,154.81,981.66,22.04,0,0,184
26-03-2024 00:00,68.57,116.93,18.68,50.33,41.95,30.08,10.33,1.05,64.84,1.91,8.09,None,53.14,1.08,230.44,133.05,980.57,22.79,0,0,131
27-03-2024 00:00,60.94,131.09,38.47,63.07,64.82,28.82,10.95,1.32,66.94,3.35,18.49,None,51.61,0.98,190.14,123.14,982.27,23.9,0,0,170
28-03-2024 00:00,61.55,131.43,9.83,53.4,36.59,31.17,14.48,0.96,60.77,2.35,13.44,None,48.9,1,207.5,130.82,979.7,24.48,0,0,239
29-03-2024 00:00,73.36,156.04,20.39,56.69,46.71,35.42,17.58,1.06,88.78,2.43,11.61,None,51.99,0.99,164.41,137.74,978.56,24.09,0,0,265
30-03-2024 00:00,82.51,186.94,40.19,64.64,67.04,42.14,15.94,1.45,62.24,2.8,10.56,None,54.49,1.13,150.21,133.73,978.98,24.08,0,0,208
31-03-2024 00:00,88.2,194.01,45.73,56.95,67.41,41.66,15.04,1.36,59.89,2.89,14.44,None,51.27,1.32,230.25,150.84,980.19,24.23,0,0,217
01-04-2024 00:00,50.31,104.68,3.8,32.94,20.61,32.82,17.05,0.64,61.31,1.41,6.47,None,51.12,1.62,259.54,146.61,978.46,24.02,0,0,104
02-04-2024 00:00,45.47,104.51,7.72,50.84,33.32,25.4,16.3,0.76,74.85,1.92,10.75,None,44.28,1.41,246.9,172.08,977.16,27.51,0,0,105
03-04-2024 00:00,60.13,150.12,37.96,81.11,73.99,25.68,17.2,1.34,77.23,3.02,12.97,None,44.33,0.97,164.29,133.69,977.84,28.4,0,0,114
04-04-2024 00:00,51.65,155.9,49.84,73.58,79.7,25.1,17.16,1.16,67.06,2.8,16.45,None,41.1,0.95,184.9,154.38,977.74,29.46,0,0,160
05-04-2024 00:00,56.33,146.98,7.21,56.98,36.18,25.14,18.5,0.62,56.8,2.1,14.44,None,40.32,1.18,228.56,143.81,981.43,29.55,0,0,139
06-04-2024 00:00,61.23,130.92,4.21,50.01,30.02,24.65,18.28,0.54,83.57,1.96,9.38,None,37.98,1.22,228.28,161.9,983.28,29.05,0,0,165
07-04-2024 00:00,64.93,128.33,44.64,73.67,75.52,23.84,18.59,0.85,62.97,2.24,11.89,None,40.61,0.98,228.32,173.73,983.26,28.04,0,0,165
08-04-2024 00:00,64.22,131.6,26.44,75.31,60.86,24.17,18.84,0.82,65.1,2.55,12.01,None,39.78,0.91,205.81,164.62,984.19,28.97,0,0,158
09-04-2024 00:00,67.35,153.69,43.65,79.91,77.95,22.77,14.01,0.99,51.16,3.02,14.29,None,39.89,0.83,185.34,142.86,984.56,29.02,0,0,247
10-04-2024 00:00,83.28,189.04,61.65,83.43,94.32,27.52,15.81,1.1,43.13,3.09,13.32,None,42.07,0.88,151.66,157.41,984.84,29.22,0,0,173
11-04-2024 00:00,68.08,174.38,54.11,78.7,85.82,31.19,12.62,0.96,63.09,2.57,11.93,None,42.84,0.97,154.14,126.96,985.66,29.29,0,0,254
12-04-2024 00:00,91.43,214.52,41.91,81.41,75.9,33.87,26.99,1,48.84,2.88,15.59,None,42.51,0.8,152.53,142.76,984.86,29.9,0,0,246
13-04-2024 00:00,57.83,139.05,19.34,52.39,43.68,32.28,13.99,0.46,66.99,2.01,7.91,None,46.47,1.02,166.36,116.21,984.44,29.22,0,0,145
14-04-2024 00:00,61.26,123.44,5.59,50.89,31.63,35.52,13.7,0.5,47.24,1.85,6.51,None,52.53,1.21,125.89,56.04,986.56,27.73,0,0,114
15-04-2024 00:00,95.03,182.78,58.6,85.33,93.9,43.83,11.69,1.42,30.42,3.17,12.64,None,53.65,0.89,167.33,97.76,986.19,28.73,0,0,191
16-04-2024 00:00,74.62,164.48,32.49,64.03,60.84,43.82,5.97,1.2,50.56,2.14,12.65,None,46.23,1.11,236.29,158.86,984.75,29.79,0,0,194
17-04-2024 00:00,31.18,96.81,2.4,36.65,21.22,26.42,7.63,0.68,79.11,1.09,7.44,None,39.72,1.38,245.51,180.4,983.27,29.46,0,0,105
18-04-2024 00:00,48.28,151.12,13.67,62.29,44.26,28.48,7.46,0.96,50.41,1.61,8.39,None,40.12,0.93,215.74,173.42,981.68,30.44,0,0,132
19-04-2024 00:00,49.4,185.95,39.2,65.07,66.47,31.92,6.76,1.14,35.45,1.76,10.14,None,42.86,0.94,212.07,163.01,979.25,31.08,0,0,140
20-04-2024 00:00,55.86,187.08,6.5,45.17,29.14,28.17,6.5,0.78,56.75,1.7,7.61,None,43.33,1.09,227.95,153.7,979.18,30.48,0,0,183
21-04-2024 00:00,36.6,102.72,22.75,55.23,47.89,25.78,8.49,0.86,64.4,0,0,None,41.28,0.98,220.33,152.99,980.53,30.31,0,0,108
22-04-2024 00:00,31.65,82,22.74,58.82,49.56,26.85,7.22,0.82,68.82,18.06,16.92,None,41.64,1.1,219.24,159.38,981.45,30.27,0,0,107
23-04-2024 00:00,62.25,200.52,40.99,83.63,77.8,36.06,10.66,1.01,55.87,2.07,10.2,None,47.17,1.14,186.55,148.5,980.99,29.11,0,0,191
24-04-2024 00:00,54.71,154.26,34.07,78.59,69.5,38.64,10.6,0.89,66.17,1.94,10.55,None,46.93,0.92,220.14,173.05,981.06,29.54,0.02,1.5,183
25-04-2024 00:00,75.68,173.89,63.15,101.64,104.63,38.02,9.64,0.98,74.3,2.82,16.57,None,43.73,0.95,227.41,259.3,981.34,30.7,0,0,177
26-04-2024 00:00,72.33,152.48,63.42,175.58,148.67,None,3.73,0,29.02,1.96,7.68,None,None,None,None,None,None,None,None,0,177
27-04-2024 00:00,None,None,None,None,None,None,None,None,None,None,None,None,None,None,None,None,None,None,None,0,
28-04-2024 00:00,None,None,None,None,None,None,None,None,None,None,None,None,None,None,None,None,None,None,None,0,
29-04-2024 00:00,None,None,None,None,None,None,None,None,None,None,None,None,None,None,None,None,None,None,None,0,
30-04-2024 00:00,44.54,183.69,1.51,9.28,2.62,10.73,13.43,2.18,101.01,1.59,13.14,None,34.06,0.96,223.12,235.21,978.37,31.07,0,0,
01-05-2024 00:00,49.9,173.8,1.99,37.41,14.52,16.99,15.37,2.3,84.92,1.31,7.41,None,35.84,1.4,256.21,177.78,978.82,28.46,0,0,152
02-05-2024 00:00,59.85,159.61,1.9,60.56,33.53,24.14,20.35,2.43,99.69,1.74,9.34,None,37.44,1.14,233.18,186.62,980.27,28.95,0,0,198
03-05-2024 00:00,114.79,242.52,5.08,85.99,49.48,25.36,29.25,1.28,78,2.76,13.07,None,36.81,1,239.08,171.34,981.06,29.97,0,0,219
04-05-2024 00:00,138.69,251.53,71.93,98.06,109.97,28.48,29.62,2.06,39.01,2.86,16.67,None,38.66,0.79,204.38,142.07,980.83,30.96,0,0,262
05-05-2024 00:00,128.33,252.28,77.26,90.88,111.13,29.95,30.32,1.11,82.77,2.71,14.21,None,38.14,0.99,228.51,164.7,977.07,31.96,0,0,281
06-05-2024 00:00,103.08,236.11,36.05,73.32,68.24,29.11,25.04,1.28,83.55,1.86,9.79,None,39.65,0.99,217.23,162.86,979.03,32.07,0,0,221
07-05-2024 00:00,131.43,293.47,57.85,101.21,100.88,33.66,25.82,1.47,45.46,3.29,17.52,None,46.17,0.94,151.55,134.11,980.52,31.77,0,0,249
08-05-2024 00:00,72.85,242.41,5.98,39.5,25.77,52.91,15.96,1.23,56.81,1.38,4.13,None,53.52,1.49,145.14,158.12,981.43,30.8,0,0,197
09-05-2024 00:00,53.74,168.01,2.12,32.5,19.02,48.84,13.9,1.21,88.01,1.07,3.89,None,51.03,1.46,138.01,158.45,981.21,30.58,0,0,187
10-05-2024 00:00,74.58,178.28,2.08,35.81,20.71,39.6,12.48,0.99,91.84,1.29,3.77,None,51.29,1.52,155.38,153.43,981.78,30.9,0,0,215
11-05-2024 00:00,49.46,226.65,7.43,35.55,24.84,36.33,12.12,1.07,95.53,0.94,3.82,None,46.45,1.49,143.81,157.93,983.8,30.74,0,0,266
12-05-2024 00:00,80.38,185.12,29.92,65.33,59.09,36.69,17.15,1.62,57.77,1.79,7.88,None,47.85,0.99,175.52,146.55,983.3,31.34,0,0,149
13-05-2024 00:00,93.75,195.33,56.26,80.21,88.35,35.87,17.89,1.82,55.53,2.39,9.79,None,44.39,1.01,174.9,146.93,983.44,31.81,0,0,223
14-05-2024 00:00,92.96,194.96,59.21,82.34,91.93,31.4,16.99,1.72,48.47,2.17,11.64,None,41.95,0.82,211.36,152.42,983.69,31.45,0,0,264
15-05-2024 00:00,106.71,222.68,117.86,105.39,149.36,33.02,21.64,2.33,28.37,3.13,14.46,None,41.71,0.81,183.17,130.64,983.42,30.97,0,0,202
16-05-2024 00:00,98,228.17,55.9,90.12,93.42,27.76,17.8,3.27,38.49,2.45,10.93,None,42.44,0.93,143.07,155.68,981.96,32.07,0,0,215
17-05-2024 00:00,84.17,207.21,99.41,94.7,131.22,41.08,10.09,5.34,47.49,2.35,13.28,None,42.58,0.84,189.35,151.1,978.57,33.2,0,0,247
18-05-2024 00:00,95.58,248.08,80.01,75.38,105.14,41.01,19.05,5.9,66.5,2.41,13.77,None,40.16,0.96,218.84,150.7,976.01,33.53,0,0,221
19-05-2024 00:00,81.88,205.17,15.38,51.57,39.96,35.45,17.8,5.65,68.29,1.41,7.8,None,35.59,1.12,209.31,161.58,974.49,34.65,0,0,185
20-05-2024 00:00,71.83,213.17,26.04,60.96,53.35,34.48,16.74,3.29,71.73,1.7,7.85,None,37.59,1.12,198.35,159.65,975.48,34.22,0,0,185
21-05-2024 00:00,85,272.79,11.24,54.12,37.9,46.61,16.58,1.49,59.42,1.69,6.35,None,47.89,1.31,142.78,159.05,977.06,32.8,0,0,214
22-05-2024 00:00,80.17,191.29,5.9,31.9,21.76,61.56,12.56,1.36,73.46,1.49,3.99,None,49.57,1.58,134.76,146.35,977.42,33.09,0,0,171
23-05-2024 00:00,68.88,140.38,5.75,25.38,18.25,58.25,11.97,1.18,67.67,1,3.35,None,49.73,1.61,133.83,141.84,977.26,32.67,0,0,139
24-05-2024 00:00,68.17,131.42,6.09,34.25,23.19,50.85,12.3,1.25,74.21,1.11,3.19,None,49.22,1.54,144.91,156.49,977.23,32.8,0,0,175
25-05-2024 00:00,76.42,151.54,15.08,48.7,38.17,49.41,11.58,1.4,74.29,1.49,5.2,None,44.16,1.37,149.81,143.53,975.28,34.08,0,0,198
26-05-2024 00:00,75.26,160.43,50.52,65.4,75.87,35.81,17.57,1.87,84.84,1.62,7.75,None,40.26,1.23,156.2,171.08,973.49,34.08,0,0,268
27-05-2024 00:00,102.79,213.58,57.09,82.59,90.31,35.81,18.36,2.31,54.96,2.28,10.23,None,41.66,0.94,165.84,151.54,970.86,35.19,0,0,243
28-05-2024 00:00,107.12,223.62,89.19,94.9,122.91,34.19,16.4,2.54,46.6,2.28,12.82,None,40.77,0.98,169.53,155.68,969.03,37.6,0,0,250
29-05-2024 00:00,82.04,241.29,42.71,66.47,70.09,36.68,11.73,1.66,59.08,1.76,8.47,None,41.5,0.98,183.7,153.79,970.27,37.12,0,0,239
30-05-2024 00:00,62.42,185.38,19.09,48.62,41.39,36.62,11.83,1.27,79.23,1.47,8.19,None,37.88,1.03,196.77,132.49,973.44,38.08,0,0,215
31-05-2024 00:00,54.62,178,52.08,59.4,73.95,36.84,14.86,1.68,68.72,1.42,6.24,None,39.58,1.04,181.8,133.49,974.75,37.64,0,0,267
01-06-2024 00:00,63.85,250.85,29.41,49.26,50.06,34.5,11.94,1.37,51.66,1.31,8.24,None,37.72,1.15,198.08,107.27,976.66,37.27,0,0,
02-06-2024 00:00,40,116,10.74,37.02,28.47,28.95,11.69,1.07,83.29,0.7,3.46,None,38.66,1.05,179.55,128.91,977.91,37.35,0,0,167
03-06-2024 00:00,46,139.74,23.46,40.55,40.67,29.15,11.57,1.37,74.7,0.96,6.56,None,38.77,1.03,209.67,129.65,976.8,37.37,0,0,185
04-06-2024 00:00,71.71,228.04,17.64,51.57,41.71,28.2,15.16,1.54,70.39,1.36,7.15,None,41.16,1.17,151.75,105.9,976.81,36.59,0,0,179
05-06-2024 00:00,66.54,255.71,21.53,36.7,37.02,35.82,9.1,1.27,53.78,0.93,5.83,None,39.95,1.23,195.02,108.5,977,37.27,0,0,199
06-06-2024 00:00,56.08,149.67,12.93,41.12,32.42,33.69,11.52,1.27,78.74,0.92,5.02,None,46.46,1.33,161.06,170.44,980.54,34.63,0.01,1,253
07-06-2024 00:00,77.96,239.61,6.82,35.72,24.55,34.94,11.86,1.11,77.89,0.8,4.76,None,38.4,1.09,230.47,172.1,977.85,36.41,0,0,213
08-06-2024 00:00,65.44,238.4,5.87,28.33,19.84,29.44,13.72,1.22,87.32,0.87,3.75,None,37.63,1.16,231.61,154.77,976.75,36.56,0.09,8,208
09-06-2024 00:00,51.33,151.17,13.23,44.42,34.27,22.82,16.11,1.31,100.33,0.9,4.87,None,35.06,1.06,235.74,184.58,976.47,36.69,0,0,198
10-06-2024 00:00,50.88,157.75,34.74,54.38,57.15,26.68,18.63,1.23,110.13,1.37,7.68,None,34.19,1.04,222.67,174.32,976.42,37.59,0,0,187
11-06-2024 00:00,83.17,215.17,58.49,76.93,88.49,29.1,25.84,1.1,65.46,2.07,10.97,None,35.95,0.93,229.56,161.85,975.93,37.27,0,0,190
12-06-2024 00:00,60.55,209.02,81.03,68.1,102.08,23.87,13.14,1.23,85.57,1.8,11.31,None,36.52,0.93,222.51,171.38,975.58,37.46,0,0,230
13-06-2024 00:00,48.83,176.33,19.57,40.59,37.34,24.93,11.58,0.78,73.96,1.15,6.33,None,34.95,1.19,218.67,174.58,974.54,38.42,0,0,174
14-06-2024 00:00,49.88,213.08,5.21,19.66,14.69,24.64,10.21,0.62,72.8,0.48,2.24,None,36.83,1.55,220.7,164.39,974.08,38.09,0,0,154
15-06-2024 00:00,49.04,174.46,5.54,24.33,17.47,24.55,9.85,0.68,68.15,0.58,3.15,None,36.35,1.29,233.15,172.5,973.99,38.51,0,0,164
16-06-2024 00:00,60.17,186.67,12.86,37.07,30.17,25.5,15.9,0.82,60.24,0.9,4.1,None,36.77,1.13,232.83,172.9,974.42,38.77,0,0,168
17-06-2024 00:00,61.08,166.71,14.5,37.56,31.79,25.26,18.11,0.73,52.89,0.99,4.21,None,37.25,1.07,231.02,168.96,974.33,39.01,0,0,139
18-06-2024 00:00,110.33,291.42,12.82,32.11,27.52,26.04,13.53,0.7,26.65,0.85,5.46,None,39.41,1.17,223.92,167.2,972.19,38.99,0,0,171
19-06-2024 00:00,103.96,299.58,5.21,24.24,17.15,23.11,10.12,0.68,29.9,0.58,2.78,None,40.26,1.82,187.6,155.01,970.32,38.63,0,0,306
20-06-2024 00:00,62.25,146.62,3.32,28.93,18.02,29.37,11.67,0.76,70.91,0.85,3.61,None,48.64,1.73,127.94,130.38,972.78,35.07,0,0,162
21-06-2024 00:00,86.41,171.37,12.46,42.41,32.45,44.05,9.62,0.9,29.85,1.46,5.6,None,57.27,1.29,152.58,119.31,974.35,33.8,0.1,9.5,191
22-06-2024 00:00,105.97,192.96,23.18,44.55,42.34,75.21,10.14,0.85,40.66,1.75,9.49,None,54.84,1.12,130.15,126.6,974.59,34.9,0,0,210
23-06-2024 00:00,71.12,119.79,6.48,42.62,27.88,85.22,9.39,0.88,45.18,1.2,5.08,None,54.31,1.28,140.41,145.25,975.39,35.59,0,0,154
24-06-2024 00:00,77.67,154.33,6.75,35.88,24.44,None,8.35,0.92,18.99,1.09,3.45,None,58.05,1.18,132.46,113.17,974.18,35.02,0.01,0.5,164
25-06-2024 00:00,66.38,125.29,4.31,26.93,17.71,95.46,7.48,0.81,29.28,0.84,3.7,None,56.88,1.21,135.65,130.01,973.17,35.43,0,0,113
26-06-2024 00:00,60.92,114.38,3.75,28.05,17.95,62.75,8,0.79,22.78,0.75,3.03,None,56.68,1.35,134.34,97.71,973.78,35.18,0,0,135
27-06-2024 00:00,32.36,55.09,4.28,24.43,16.49,45.79,6.8,0.79,8.3,0.56,2.82,None,67.1,1.41,127.26,90.98,976.41,32.84,0.28,27,68
28-06-2024 00:00,36.9,78.44,7.07,28.22,20.76,44.9,5.82,0.94,8.4,0.64,4.05,None,77.23,1.07,152.58,68.35,975.56,31.72,1.43,137,55
29-06-2024 00:00,49.96,96.87,15.3,32.78,29.73,49.64,4.79,0.78,18.24,0.77,6.37,None,73.82,1.15,174.22,122.59,973.71,32.9,0.17,16,102
30-06-2024 00:00,54.5,104.62,6.26,22.02,16.69,51.91,5.16,0.82,20.67,0.53,2.78,None,67.74,1.12,154.46,119.16,972.96,34.29,0,0,90
01-07-2024 00:00,36.69,67.98,3.54,24.79,15.95,53.87,5.77,0.85,30.59,0.56,4,None,61.73,1.21,207.24,129.31,970.98,34.44,0,0,73
02-07-2024 00:00,42.71,92.58,4.63,29.12,19.08,35.34,5.45,0.92,21.48,0.56,4.69,None,63.61,1.15,187.36,90.61,969.59,34.32,0.01,1,93
03-07-2024 00:00,36.5,81.43,6.78,29.94,21.44,40.66,6.01,0.85,9.39,0.73,5.78,None,72.89,1.09,157.92,51.62,972.28,32.07,0.01,1,87
04-07-2024 00:00,23.49,45.8,5.43,27.78,19.18,41.36,5.71,0.86,11.31,0.58,5.53,None,75.08,0.86,137.54,57.91,974.94,31.68,0.04,3.5,43
05-07-2024 00:00,24.46,50.5,6.06,25.55,18.52,39.9,6.63,0.76,10.71,0.57,5.67,None,72.04,1.12,130.8,80.33,972,32.24,0.01,1,59
06-07-2024 00:00,22.17,37.7,3.51,20.15,13.52,37.36,6.46,0.77,16.11,0.58,4.69,None,70.68,1.29,129.14,86.17,970.85,32.39,0,0,40
07-07-2024 00:00,11,21.94,4.33,16.72,12.33,31.51,7.17,0.7,22.2,0.29,2.72,None,63.88,1.58,121.61,149.6,974.18,32.86,0,0,
08-07-2024 00:00,21,40.59,5.76,21.08,15.83,27.12,7.12,0.78,17.39,0.52,3.69,None,70.44,1.43,111.01,106.24,977.25,31.27,0,0,34
09-07-2024 00:00,41.08,79.25,17.36,34.61,32.51,23.45,5.38,1.06,7.79,0.74,5.6,None,76.1,0.88,144.82,69.15,977.76,31.86,0.16,14.9,68
10-07-2024 00:00,61.08,124.08,38.14,34.06,49.12,27.46,4.37,1.11,10.54,1.01,9.9,None,74.44,0.89,172.03,104.36,977.47,32.98,0,0,121
11-07-2024 00:00,57.75,118.17,16.52,28.26,28.32,47.28,4.49,0.92,81.9,0.73,7.52,None,64.94,1.11,161.38,165.05,973.64,35.22,0.01,0.5,95
12-07-2024 00:00,34.25,84.06,6.3,28.44,20.06,46.29,6.57,0.79,76.57,0.58,6.5,None,58.6,1.09,208.2,66.7,971.95,33.86,0,0,94
13-07-2024 00:00,40.75,84.17,12.64,37.17,30.06,35.04,5.11,0.93,98.44,0.89,8.24,None,68.54,1.09,169.91,141.3,972.85,32.81,0.06,6,87
14-07-2024 00:00,46.54,93.71,8.8,33.25,24.68,39.14,5.67,0.85,107.9,0.52,4.34,None,62.35,1.17,154.55,163.03,972.65,34.65,0,0,103
15-07-2024 00:00,44.14,86.79,6.61,34.13,23.4,46.66,4.86,0.83,81.6,0.5,4.13,None,65.6,1.31,127.26,117.23,975.22,33.86,0.01,0.5,92
16-07-2024 00:00,44.69,85.09,4.59,29.57,19.25,49.19,5.04,0.83,23.62,0.49,4.07,None,61.35,1.39,128.47,159.82,975.73,35.38,0,0,79
17-07-2024 00:00,37.75,70.08,5.91,28.57,20.02,41.2,5.58,0.8,13.17,0.48,4.06,None,64.26,1.36,123.48,147.11,975.74,34.7,0.04,4,77
18-07-2024 00:00,42.65,83.61,12.62,41.77,32.5,44.62,5.86,0.94,11.95,0.7,6.25,None,68.69,1.03,145.98,110.65,974.5,33.55,0.01,1,81
19-07-2024 00:00,66.84,131.33,23.59,35.21,37.68,45.87,5.86,0.92,14.66,0.89,6.52,None,69.62,1.27,152.77,122.64,973.25,33.72,0,0,107
20-07-2024 00:00,45.54,85.12,5.09,28.73,19.25,50.11,5.82,0.86,23.3,0.45,2.44,None,62.71,1.2,144.44,170.44,974.07,34.92,0,0,89
21-07-2024 00:00,43.09,77.57,7.16,33.76,23.67,42.23,5.39,0.83,12.39,0.46,3.08,None,65.69,1.44,131.69,121.23,973.78,34.5,0,0,87
22-07-2024 00:00,43.61,87.39,12.76,39.56,31.09,44.35,4.85,1,12.35,0.71,6.54,None,70.26,1.13,137.73,95.49,974.28,33.36,0.03,2.5,78
23-07-2024 00:00,46.96,98.29,9.14,39.29,28.33,45.05,5.69,1,11.84,0.67,8.59,None,68.33,1.32,132.21,114.42,973.1,33.96,0,0,87
24-07-2024 00:00,47,95.48,8.33,47.05,31.82,52.83,5.71,1.14,26.81,0.86,6.96,None,72.1,1.01,177,103.64,969.84,33.14,0.49,47.5,85
25-07-2024 00:00,36.82,74.8,7.81,38.87,26.94,45.85,5.54,0.92,22.65,0.53,5.19,None,71.7,1.05,141.02,117.12,969.15,33.46,0.16,15.5,91
26-07-2024 00:00,49.71,114.05,15.8,49.56,39.06,41.57,5.6,1.28,31.56,0.75,7.24,None,73.53,0.95,167.24,79.5,970.45,33.14,0.06,5.5,78
27-07-2024 00:00,43.42,95.58,20.61,42.13,39.16,36.82,5.31,1.15,12.33,0.49,7.14,None,72.18,0.91,171.91,103.08,972.59,33.59,0,0,119
28-07-2024 00:00,27.5,64.96,16.11,28.12,28.06,45.63,5.21,0.83,17.72,0.34,3.97,None,64.34,1.32,145.88,154.1,973,35.09,0,0,69
29-07-2024 00:00,31.08,74.25,5.25,29.17,19.73,42.18,5.79,0.89,21.63,0.29,1.49,None,61.15,1.38,138.51,156.64,973.14,35.25,0,0,60
30-07-2024 00:00,37.78,85.52,10.42,46.55,32.15,40.86,5.05,0.91,20.67,0.36,3.43,None,62.11,1.09,150.12,187.74,974.55,35.81,0,0,87
31-07-2024 00:00,32.27,66.74,33.52,62.23,60.37,62.74,4.9,0.94,22.23,0.54,4.47,None,70.38,1.11,202.86,94.44,974.24,34.13,0,0,89
01-08-2024 00:00,14.93,37.2,16.42,69.5,50.32,47.71,5.3,0.96,28.22,0.42,2.99,None,76.23,1.09,165.8,112.64,974.63,32.19,1.15,95.5,74
02-08-2024 00:00,25.57,60.7,22.07,72.13,56.32,27.38,5.13,1.01,18.89,0.54,6.29,None,74.15,0.89,142.93,87.49,972.94,32.78,0,0,90
03-08-2024 00:00,20.55,45.13,8.88,51.78,34.77,31.96,5.13,0.77,21.72,0.3,2.86,None,68.02,1.61,151.8,167.83,974.75,33.3,0,0,75
04-08-2024 00:00,16.04,43.75,11.82,52.37,37.46,38.07,5.34,0.76,27.47,0.34,2.27,None,64.34,1.7,123.91,137.73,976.31,33.4,0,0,67
05-08-2024 00:00,22.5,43.46,6.14,48.2,30.6,32.73,4.85,0.77,28.31,0.28,2.04,None,67.49,1.63,139.97,89.6,976.02,32.79,0,0,59
06-08-2024 00:00,20.67,42.54,9.46,47.79,33.05,29.04,5.19,0.77,27.72,0.29,1.89,None,67.28,1.49,181.88,148.35,974.88,33.06,0,0,63
07-08-2024 00:00,20.29,34.77,11.99,51.01,36.88,29.31,5.02,0.85,17.27,0.35,2.91,None,75.42,1.16,168.6,64.82,975.82,31.62,0,0,61
08-08-2024 00:00,21.88,43.79,12.56,48.79,36.17,25.86,4.66,0.83,16.95,0.31,3.59,None,73.33,1.2,136.5,113.36,977.3,32.35,0,0,61
09-08-2024 00:00,25.17,46.04,17.03,52.44,41.73,27.52,5.07,0.9,15.67,0.42,4.51,None,76.31,1.26,135.15,128.11,978.27,32.23,0,0,62
10-08-2024 00:00,31.62,61.42,38.85,54.46,60.56,29.49,5.22,1,12.38,0.55,6.33,None,81.27,0.87,156.6,81.92,977.73,31.82,0,0,67
11-08-2024 00:00,24.08,46,33.16,53.61,55.73,36.09,4.94,1.07,None,0.54,5,None,81.31,0.82,166.56,63.6,976.49,31.4,0,0,69
12-08-2024 00:00,28.38,56.79,33.15,69.01,63.67,34.99,6.44,1.1,10.97,1.05,10.04,None,84.05,0.77,157.91,50.75,977.2,31.17,0.42,40.5,71
13-08-2024 00:00,16.79,37.71,38.46,52.35,59.09,30.32,6.11,1.05,12.19,0.54,4.22,None,78.5,0.97,154.86,102.58,978.52,32.04,0.01,0.5,77
14-08-2024 00:00,35.96,79.88,42.35,55.36,63.87,31.25,6.08,0.98,15.4,0.7,7.16,None,72.53,1.09,147.4,139.88,978.57,33.29,0,0,73
15-08-2024 00:00,23.12,47.29,23.92,44.7,43.22,31.39,4.9,0.86,13.95,0.34,2.43,None,77.35,0.98,154.02,85.38,977.64,32.42,0.04,3.5,58
16-08-2024 00:00,21.75,47.75,19.82,45.31,40.23,41.01,5.28,0.85,12.61,0.43,2.86,None,71.35,1.34,146.23,154.76,976.89,33.26,0,0,62
17-08-2024 00:00,31.79,66.14,39.86,45.55,56.65,33.99,6.03,1.14,31.72,1.08,9.1,None,74.77,0.91,187.87,102.61,979.11,32.16,0.11,9,62
18-08-2024 00:00,34.21,70.54,27.42,22.86,34.42,27.43,5.38,0.93,16.91,0.77,7.19,None,75.25,0.95,193.01,112.27,979.49,30.45,0.24,23,76
19-08-2024 00:00,30.29,65.26,41.23,28.28,48.24,31.51,5.29,0.63,18.65,0.79,4.5,None,69.7,1.05,198.92,131.54,977.76,31.16,0,0,69
20-08-2024 00:00,22.88,42.97,13.86,35.39,29.99,25.02,6.09,0.68,27.66,0.88,6.57,None,75.14,0.97,188.3,89.62,977.79,29.4,0.05,4.5,44
21-08-2024 00:00,31.67,58.67,13.83,24.49,24.27,15.88,6.84,0.85,43.94,0.58,4.7,None,66.91,1.14,179.08,172.22,978.6,30.85,0,0,64
22-08-2024 00:00,31.67,62.46,7,24.97,18.93,11.71,4.68,0.84,25.64,0.51,4.29,None,64.71,1.21,180.2,150.19,977.35,31.04,0,0,64
23-08-2024 00:00,31.09,57.64,25.63,31.42,34.3,9.39,5.43,1.15,18.21,0.97,7.77,None,72.66,0.87,179.99,47.71,978.38,28.86,0,0,48
24-08-2024 00:00,63.58,97.66,43.08,29.51,50.72,11.64,3.44,1.3,34.52,1.17,9.08,None,72.14,1.14,134.61,94.21,977.57,30.02,0,0,126
25-08-2024 00:00,28,46.65,7.19,20.72,16.87,13.42,4.82,0.73,24.04,0.21,3.45,None,66.17,1.45,123.94,137.5,975.55,30.69,0.01,1,69
26-08-2024 00:00,29.76,47.07,4.07,19.66,13.82,27.61,4.48,0.79,19.5,0.3,2.15,None,66.36,1.42,141.07,121.27,975.34,30.29,0.01,1,42
27-08-2024 00:00,18.79,33.83,6.01,21.21,16.17,29.85,4.69,0.83,17.38,0.36,2.89,None,71.2,1.47,152.25,144.6,977.45,29.52,0.04,3.5,39
28-08-2024 00:00,26.56,37.28,12.31,24.11,22.81,27.82,5.7,0.91,20.35,0.46,4.91,None,73,1.09,155.74,115.53,977.44,29.27,0.11,10.5,42
29-08-2024 00:00,29.65,56.85,31.94,25.3,40.65,21.54,5.47,1.16,20.26,0.79,5.62,None,82.21,0.98,170.71,44.72,977.73,27.95,0.73,70,43
30-08-2024 00:00,50.04,83.33,51.72,27.1,56.48,21.04,4.3,1.28,27.61,1.35,11.31,None,74.02,1.04,176.99,146.14,979.42,29.86,0.03,2.5,83
31-08-2024 00:00,38.83,63.04,9.66,25.57,21.46,9.51,5.27,0.88,15.52,0.84,6.42,None,67.44,1.01,196.72,173.94,978.8,31.07,0,0,66
01-09-2024 00:00,44.38,77.02,14.1,28.43,26.51,12.15,5.02,0.93,18.24,0.67,5.71,None,66.69,1.21,164.97,136.43,978.2,31.19,0,0,74
02-09-2024 00:00,37.22,62,5.65,25.65,18.19,17.39,5.24,0.81,11.63,0.45,3.25,None,71.12,1.16,155.3,82.55,979.27,29.83,0.08,7.5,74
03-09-2024 00:00,31.5,54.67,6.45,24.75,18.4,19.49,5.23,0.8,14.76,0.47,3.33,None,66.88,1.51,135.74,148.74,979.39,30.76,0,0,54
04-09-2024 00:00,24.47,37.82,23.71,28.94,34.64,18.97,5.1,0.98,10.98,0.86,6.22,None,79.44,0.92,186.33,75.04,977.45,28.34,0.15,14.5,50
05-09-2024 00:00,40.05,62.37,27.78,33.01,40.14,18.33,5.09,1.13,16.94,1.03,6.91,None,74.07,1.12,173.31,142.5,975.68,29.42,0.16,15,48
06-09-2024 00:00,32.71,51.95,36.12,24.76,42.53,17.11,4.68,0.91,16.41,0.74,5.87,None,77.98,0.98,155.88,114.78,977.26,28.8,0.03,2.5,79
07-09-2024 00:00,33.2,44.93,11.47,29.17,24.77,16.21,5.7,0.95,20.84,0.75,7.96,None,76.3,1.06,162.9,102.96,978.24,28.79,0.02,1.5,46
08-09-2024 00:00,67.83,92.35,17.45,29.91,29.97,21.26,5.93,1.15,8.77,1.4,11.62,None,80.25,0.79,194.65,45.38,977.96,28.7,0.01,0.5,126
09-09-2024 00:00,57,87.59,21.09,31.69,34,19.16,5.46,1.09,19.35,1.11,7.84,None,74.54,0.95,176.24,96.77,975.85,29.72,0.01,0.5,116
10-09-2024 00:00,50.77,91.59,34.03,28.61,42.88,16.92,4.71,1.1,34.8,1.1,10.59,None,73.38,1.07,150.24,121.5,975.34,29.49,0.02,2,96
11-09-2024 00:00,35.5,70.82,40.7,31.17,49.66,16.31,6.63,1.29,19.4,1.28,10.23,None,75.65,0.86,153.88,80.81,975.07,28.96,0.02,1.5,61
12-09-2024 00:00,19.11,26.78,6.77,22.61,17.54,15.86,4.95,0.75,16.75,0.6,5.19,None,81.04,1.53,105.91,47.99,974.05,27.45,0.01,0.5,
13-09-2024 00:00,13.86,33,5.79,27.62,19.39,15.28,5.4,0.87,17.97,0.63,4.99,None,83.89,1.05,199.23,28.58,974.55,26.62,0.21,20,
14-09-2024 00:00,29.91,68.82,7.63,24.49,19.23,14.06,4.81,0.85,25.22,0.48,6.2,None,74.86,0.96,187.93,107.17,976.41,28.23,0,0,45
15-09-2024 00:00,40.21,107.38,17.76,24.75,27.54,12.42,4.62,0.94,18.5,0.73,7.14,None,69.7,1.09,198.98,132.99,977.05,29.21,0,0,91
16-09-2024 00:00,46.29,130.54,37.94,23.86,43.53,12.1,5.78,1.13,24.18,0.97,7.28,None,68.31,1.06,208.2,143.42,978.59,29.53,0,0,122
17-09-2024 00:00,61.33,148.12,38.18,27.22,48.02,12.84,4.9,1.05,24.26,1.22,9.19,None,69.88,1.01,183.39,115.74,979.9,29.52,0,0,136
18-09-2024 00:00,29.33,83.16,31.79,23.11,38.23,13.28,5.88,0.66,23,1.15,10.86,None,78.11,1,135.72,36.24,979.07,27.13,0.01,0.5,98
19-09-2024 00:00,37,79.67,17.76,19.89,25.01,14.45,6.77,0.64,20.3,0.63,6.21,None,75.88,1,135.2,78.6,979.02,28.03,0,0,
20-09-2024 00:00,30.91,85.04,58.47,22.22,59.34,12.31,6.78,0.92,25.91,0.87,5.95,None,70.35,1.19,177.45,152.59,978.98,29.44,0,0,77
21-09-2024 00:00,40.68,127.21,46.71,24.17,50.83,12.63,6.58,0.82,26.56,0.99,9.52,None,67.68,1.18,188.89,144.57,979.96,30.22,0,0,92
22-09-2024 00:00,80.93,231.17,55.48,24.67,58.21,23.03,6.03,0.83,34.08,1.47,10.55,None,67.04,0.92,192.07,121.3,979.59,30.88,0,0,151
23-09-2024 00:00,84.21,188.88,35.23,29.96,43.6,30.9,6.96,0.83,19.4,1.28,10.13,None,68.22,0.91,201.17,119.86,979.14,30.84,0,0,208
24-09-2024 00:00,107,220.83,39.85,39.46,50.58,39.59,5.77,1.07,20.95,1.58,10.15,None,68.54,0.81,177.58,107.26,977.96,31.24,0,0,210
25-09-2024 00:00,88.58,183.42,30.24,34.52,41.87,37.05,5.29,0.69,31,0.98,6.51,None,68.11,1.25,156.19,116.05,978.2,30.73,0,0,272
26-09-2024 00:00,27.74,85.39,8.39,28.18,21.57,33.98,5.66,0.54,20.65,0.48,3.36,None,68.08,1.29,145.6,106.96,978.58,30.03,0,0,90
27-09-2024 00:00,15.38,55.88,2.66,23.52,14.6,20.5,6.21,0.39,20.07,0.31,2.11,None,65.24,1.35,157.5,120.02,978.48,29.6,0,0,65
28-09-2024 00:00,19.68,49.2,5.41,23.29,16.75,23.14,7.27,0.47,27.37,0.39,3.44,None,67.07,1.12,146.03,106.56,980.59,28.89,0,0,47
29-09-2024 00:00,24.81,61.22,24.11,26.47,33.68,21.26,5.26,0.65,23.9,0.66,5.39,None,68.45,1,148.4,107.65,983,29.25,0,0,54
30-09-2024 00:00,63.09,128.37,29.85,31.48,41.01,26.84,6.09,0.59,28.12,1.11,8.7,None,68.11,1.08,207.7,110.84,982.04,29.83,0,0,101
01-10-2024 00:00,70.12,151.55,30.41,36.39,44.08,27.69,6.13,0.89,33.83,1.13,6.92,None,66.22,1.01,214.55,125.13,979.4,30.14,0,0,139
02-10-2024 00:00,71.62,164.08,66.53,38.86,74.75,27.99,4.8,0.89,28.77,1.45,8.9,None,63.44,0.82,219.93,126.47,978.96,30.59,0,0,148
03-10-2024 00:00,53.12,157.58,70.76,41.33,79.51,27.76,7.39,1.2,18.37,1.23,8.3,None,59.6,0.79,211.5,131.1,979.06,30.22,0,0,131
04-10-2024 00:00,58.96,163.71,126.38,35.54,121.62,29.51,6.62,1.32,26.25,1.86,14.16,None,64.2,0.81,211.73,127.8,979.56,30.12,0,0,141
05-10-2024 00:00,41.88,141.62,84.72,31.96,85.86,27.99,6.87,1.12,20.87,1.38,9.23,None,62.18,0.81,215.36,114.16,981.39,30.1,0,0,132
06-10-2024 00:00,50.25,173.04,52.18,35.6,61.34,26.02,5.72,0.53,32.6,1,7.43,None,59.39,0.92,198.23,119,985.09,29.99,0,0,148
07-10-2024 00:00,50.75,149.42,33.71,38.08,47.66,25.5,7.22,0.69,25.59,1.16,8.56,None,60.48,0.76,203.51,119.03,987.65,29.5,0,0,125
08-10-2024 00:00,74.46,186.29,33.92,40.58,49.17,26.5,8.01,0.74,23.3,1.37,10.99,None,58.89,0.78,217.89,112.27,987.36,29.48,0,0,159
09-10-2024 00:00,68,157.92,12.58,41.87,32.5,27.17,8.09,0.58,27.93,1.21,7.86,None,57.97,0.82,214.52,106.73,985.89,29.22,0,0,150
10-10-2024 00:00,51.21,143.67,10.37,40.72,30.1,26.97,7.81,0.54,32.6,1.09,6.73,None,55.45,0.89,224.08,115.5,984.84,29.03,0,0,120
11-10-2024 00:00,58.23,152.28,25.3,47.5,45.28,24.85,9.54,0.84,14.84,1.2,7.43,None,59.46,0.9,226.71,94.21,984.81,27.77,0,0,130
12-10-2024 00:00,66.12,196.46,69.28,44.2,79.22,26.66,12.19,1.49,17.27,1.55,7.3,None,58,0.78,217.92,114.32,985.9,28.06,0,0,140
13-10-2024 00:00,124.38,234.59,143.38,38.45,136.99,28.57,13.37,1.11,12.89,2.42,10.48,None,60.62,0.71,191.72,146.95,986.52,27.93,0,0,225
14-10-2024 00:00,52.79,167.64,116.48,61.66,120.99,27.84,13.23,2.4,20.57,2.93,7.81,None,47.47,0.88,188.81,131.19,986.62,29.22,0,0,
15-10-2024 00:00,80.62,193.5,67.07,62.98,88.02,29.97,12.38,1.05,15.47,6.35,27.26,None,54.72,0.8,224.38,112.96,986.47,27.75,0,0,161
16-10-2024 00:00,99.29,240.08,89.83,79.88,141.92,36.46,14.4,1.82,11.77,5,27.52,None,57.02,0.69,204.74,91.24,985.3,28.04,0,0,
17-10-2024 00:00,128.67,282.04,216.89,75.92,254.33,42.99,16.96,2.09,25.69,4.45,26.03,None,62.76,0.66,194.85,96.62,985.76,28.34,0,0,258
18-10-2024 00:00,116.58,281,205.91,60,222.49,44.2,15.47,2.26,15.28,3.93,23.17,None,61.83,0.67,208.95,117.62,985.7,28.4,0,0,265
19-10-2024 00:00,125.69,291.7,234.8,69.86,245.88,42.5,17,1.89,22.24,3.52,21.33,None,61.27,0.66,202.82,118.86,985.98,28.65,0,0,261
20-10-2024 00:00,134.59,258.68,138.12,63.85,146.23,35.4,13.41,1.26,20.11,3.08,19.08,None,65.58,0.7,182.86,132.62,987.11,28.17,0,0,272
21-10-2024 00:00,159.08,285.79,93.69,63.57,109.96,26.67,16.74,1.05,36.26,2.64,16.54,None,66.67,0.76,175.9,122.96,987.73,27.93,0,0,315
22-10-2024 00:00,172.54,303.42,132.34,67.66,143.56,38.34,19.73,1.63,26.67,2.82,16.92,None,67.36,0.69,180.57,114.08,988.61,27.79,0,0,332
23-10-2024 00:00,212.5,326.5,32,62.22,59.1,32.17,18.91,0.68,30.73,2.9,17.6,None,62.27,0.82,225.76,113.05,988.1,28.02,0,0,372
24-10-2024 00:00,147.62,245.67,20.92,56.17,46.88,28.07,19.65,0.79,29.59,2.13,13.79,None,56.81,0.88,232.95,135.97,986.81,28.22,0,0,313
25-10-2024 00:00,129.29,231.92,23.89,59.25,50.93,20.28,14.31,0.8,29.96,2.26,13.58,None,57.43,0.84,228.96,139.49,986.08,27.55,0,0,282
26-10-2024 00:00,178.08,303.42,76.63,74.78,102.08,16.17,16.11,1.55,17.8,2.35,13.79,None,60.78,0.84,200.92,124.75,985.99,27.1,0,0,262
27-10-2024 00:00,195.54,289.46,135.63,69.92,147.43,26.22,16.16,1.54,23.58,2.53,15.33,None,67.79,0.66,186.49,111.73,985.38,27.55,0,0,377
28-10-2024 00:00,161.71,282.96,98.06,70.32,117.12,16.91,12.37,1.32,23.9,2.16,12.6,None,66.86,0.8,179.44,110.26,984.24,27.59,0,0,321
29-10-2024 00:00,135.67,258.04,113.23,76.53,132.75,7.87,12.22,1.43,20.79,2.08,12.11,None,66.62,0.72,175.94,119.82,984.57,28.04,0,0,293
30-10-2024 00:00,151.17,280.89,107.32,88.98,134.9,7.99,17.86,1.39,18.1,2.26,13.93,None,64.82,0.69,175.47,106.43,985.19,28.16,0,0,310
31-10-2024 00:00,189.29,336.84,45.99,66.26,72.64,12.17,17.17,0.92,29.53,1.94,10.7,None,61.55,0.78,230.52,111.8,986.99,27.64,0,0,332
01-11-2024 00:00,210.3,266.81,50.9,58.25,72.37,10.74,34.57,1.38,37.08,1.56,7.24,None,55.41,0.82,221.75,126.86,987.76,26.7,0,0,350
02-11-2024 00:00,191.75,281.5,101.35,99.54,135.34,9.06,19.32,1.7,23.97,1.89,9.29,None,59.61,0.65,209.3,97.4,988.8,26.24,0,0,296
03-11-2024 00:00,230.96,302.17,157.48,96.56,179.38,10.56,21.21,1.79,29.34,2.43,12.03,None,63.68,0.66,200.27,96.8,989.69,25.93,0,0,387
04-11-2024 00:00,244.04,349.29,107.99,101.7,141.87,12.79,19.41,1.92,25.54,2.54,12.84,None,64.82,0.68,221.72,88.95,988.2,25.69,0,0,385
05-11-2024 00:00,202.62,316.21,199.54,90.92,206.95,12.12,12.2,2.57,25.37,2.7,14.58,None,67.85,0.64,191.82,98.23,990.19,26,0,0,372
06-11-2024 00:00,188.38,306.25,218.51,102.06,243.45,25.4,10.63,2.18,26.69,2.43,13.68,None,68.62,0.63,212.11,94.66,990.42,26.11,0,0,347
07-11-2024 00:00,251.79,370.58,194.15,80.81,200.8,49.57,15.36,1.86,29.49,2.56,13.25,None,71.6,0.59,185.96,76.71,989.65,26.04,0,0,392
08-11-2024 00:00,238.79,352.58,128.3,42.66,126.98,49.63,13.39,1.37,27.27,2.27,11.95,None,73.1,0.65,182.55,81.33,989.4,26.02,0,0,388
09-11-2024 00:00,205.88,307.5,42.85,26.86,49.1,47.17,13.7,1.1,28.48,1.83,11.39,None,70.48,0.7,156.92,89.83,989.41,26.36,0,0,376
10-11-2024 00:00,191.75,286.65,29.26,21.23,35.08,45.27,10.7,0.99,29.97,1.52,9.79,None,69.06,0.68,178.67,110.77,989.38,26.55,0,0,358
11-11-2024 00:00,193.54,310.54,81.67,20.23,76.88,34.71,13.16,1.81,37.61,2.42,13.66,None,71.52,0.59,192.22,92.09,989.29,26.2,0,0,363
12-11-2024 00:00,179.17,276.17,67.8,15.8,63.4,29.51,10.8,1.35,27.42,2.37,13.82,None,65.01,0.73,206.39,104.26,989,26.34,0,0,328
13-11-2024 00:00,443.75,568.96,34.85,11.45,34.19,34.92,10.85,1.82,29.33,3.13,12.06,None,75.18,0.7,203.84,74.51,988.46,24.61,0,0,400
14-11-2024 00:00,324.83,446.92,57.58,10.36,51.52,31.45,13.7,1.72,23.99,3.28,13.1,None,73.43,0.7,158.72,74.58,990.32,24.47,0,0,450
15-11-2024 00:00,255.96,370.96,37.28,11.06,35.85,27.87,11.92,1.12,23.52,2.84,13,None,67,0.68,202.04,88.61,989.68,24.89,0,0,392
16-11-2024 00:00,360.46,470.33,40.22,4.63,33.75,27.86,13.12,1.55,24.84,2.23,14.83,None,67.26,0.68,214.8,81.76,988.5,24.73,0,0,424
17-11-2024 00:00,462.88,536.77,33.24,4.38,28.22,30.1,10.23,1.32,20.42,3.34,15.02,None,70.43,0.7,205.54,63.94,989.23,24.03,0,0,435
18-11-2024 00:00,673.42,769.22,11.08,4.03,10.49,37.3,8.8,1.53,15.53,3.52,11.81,None,75.17,0.67,222.66,49.14,990.87,22.95,0,0,500
19-11-2024 00:00,390.13,439.64,13.12,1.2,10.78,20,8.39,1.25,10.34,2.47,10.8,None,71.17,0.79,193.41,100,992,22.51,0,0,465
20-11-2024 00:00,201.56,371.83,30.55,2.1,24.26,8.07,9.04,1.56,9.56,2.09,10.64,None,59.23,0.69,199.54,121.74,990.97,24.22,0,0,353
21-11-2024 00:00,195.99,299.54,62.75,41.23,72.94,6.45,8.78,1.65,5.5,2.01,11.11,None,64.56,0.66,223.77,82.43,990.19,22.49,0,0,363
22-11-2024 00:00,282.15,408.63,113.42,92.86,141.59,3.12,11.04,2.3,7.83,2.06,13.01,None,66.7,0.6,221.76,69.68,990.04,22.53,0,0,395
23-11-2024 00:00,241.38,361.12,157.56,105.95,189.21,5.12,10.49,2.81,9.81,2.13,12.43,None,68.1,0.68,212.05,75.39,990.59,23.03,0,0,404
24-11-2024 00:00,143.33,241.54,128.14,84.24,152.36,3.47,6.8,1.74,1.45,1.7,10.29,None,63.31,0.81,214.66,83.09,990.29,23.44,0,0,321
25-11-2024 00:00,271.21,378.12,37.33,86.07,76.13,25.75,8.59,1.75,13.91,1.78,8.38,None,65.62,0.73,223.49,66.65,990.32,23.11,0,0,346
26-11-2024 00:00,157.5,251.96,52.34,80.01,85.1,31.49,9.83,1.68,24.96,1.48,8.97,None,63.64,0.7,223.95,83.22,990.43,22.85,0,0,358
27-11-2024 00:00,153.25,253.96,119.79,87.68,144.02,36.92,10.9,2.13,30.73,2,11.98,None,62.75,0.66,217.28,78.49,989.95,22.54,0,0,307
28-11-2024 00:00,175.42,294.75,139.08,81.9,180.13,38.94,11.76,2.53,10,2.68,14.57,None,64.81,0.67,198.92,81.19,991.55,22.1,0,0,317
29-11-2024 00:00,161.42,278.42,221.7,94.95,240.92,38.44,11.25,2.67,10.63,3.24,15.15,None,67.85,0.63,201.76,73.9,992.29,21.9,0,0,293
30-11-2024 00:00,198.89,301.15,120.27,88.39,144.77,42.3,10.68,2.02,14.29,2.25,14.93,None,65.9,0.64,227.54,78.22,990.44,22.23,0,0,342
01-12-2024 00:00,142,206.57,70.07,72.55,95.55,42.15,10.14,1.87,21.96,1.72,10.09,None,65.64,0.69,214.12,80.49,988.65,22.67,0,0,277
02-12-2024 00:00,139.42,236.62,80.55,74.24,104.96,40.77,10.04,1.8,21.84,1.7,11.12,None,66.05,0.68,215.32,79.05,988.85,22.64,0,0,290
03-12-2024 00:00,121.62,226,82.11,74.65,106.47,39.21,11.08,1.65,23.26,1.74,11.31,None,64.66,0.75,220.75,81.26,990.8,22.95,0,0,264
04-12-2024 00:00,67.88,142.25,37.05,59.66,61.84,34.09,8.92,1.52,27.26,1.56,8.31,None,54.58,0.87,221.54,83.71,989.96,23.28,0,0,160
05-12-2024 00:00,67.08,149.92,69.24,65.56,91.17,31.41,10.86,1.71,25.34,1.6,8.38,None,54.71,0.81,223.47,83.54,989.67,21.57,0,0,128
06-12-2024 00:00,84.61,168.13,114.3,71.41,130.9,31.87,11.68,1.99,25.71,1.89,9.79,None,57.64,0.74,215.11,80.17,988.56,21.24,0,0,176
07-12-2024 00:00,107.12,196.75,141.11,80.83,156.21,31.93,9.84,2.28,16.29,1.76,11.89,None,61.47,0.66,208.91,77.79,988.3,20.59,0,0,218
08-12-2024 00:00,150.08,245.5,55.15,73.92,161.61,35.49,7.41,2.19,24.29,1.41,10.43,None,67.57,0.85,168.23,59.33,987.97,20.52,0,0,274
09-12-2024 00:00,86.54,134.83,44.3,66.76,71.53,35.48,8.12,1.51,24.02,1.1,7.06,None,69.02,0.69,195.59,75.4,990.55,20.26,0,0,205
10-12-2024 00:00,105.33,169.29,55.38,65.53,79.87,33.04,7.92,1.66,23.81,1.5,9.01,None,62.05,0.86,228.82,87.06,992.27,19.85,0,0,260
11-12-2024 00:00,104.34,188.48,68.25,73.55,94.61,33.77,8.55,1.63,24.94,1.53,8.54,None,51.8,0.85,231.5,90.69,992.11,19.73,0,0,197
12-12-2024 00:00,171.03,278.41,67.16,80.26,96.71,45.68,10.2,0.99,18.26,1.9,11.33,None,58.01,0.76,231.64,81.82,991.44,19.58,0,0,276
13-12-2024 00:00,110.6,201.79,2.61,57.19,32.55,41.61,9.69,0.78,46.59,1.14,5.9,None,49.93,0.95,225.56,86.17,992.6,16.86,0,0,269
14-12-2024 00:00,100.25,185.21,48.76,65.56,74.08,40.58,10.2,1.22,28.67,1.44,7.73,None,53.05,0.83,227.61,84.91,992.76,15.99,0,0,191
15-12-2024 00:00,186.92,284.54,96.81,92.17,127.73,50.48,11.4,1.45,7.81,1.76,11.36,None,60.67,0.66,221.17,76.71,994.25,15.37,0,0,317
16-12-2024 00:00,280.54,396,128.5,118.89,167.69,59.93,9.29,1.55,9.34,2.32,12.09,None,68.35,0.6,214.72,67.61,992.51,15.18,0,0,386
17-12-2024 00:00,311.12,423.08,204.36,103.37,221.1,62.54,8.24,1.8,4.98,2.58,13.16,None,71.82,0.68,196.81,68.25,990.76,15.42,0,0,438
18-12-2024 00:00,361.83,478.75,144.25,91.96,166.16,66.62,9.12,1.79,10.67,2.66,14.54,None,75.03,0.63,213.66,59.89,990.31,15.33,0,0,453
19-12-2024 00:00,309,409.58,168.21,90.86,194.07,60.3,9.06,2.21,9.74,2.54,12.41,None,74.04,0.69,181.46,61.49,990.64,15.31,0,0,450
20-12-2024 00:00,321.17,423.58,145.54,95.65,169.18,60.21,9.9,1.27,16.42,2.91,14.45,None,72.9,0.64,182.86,54.48,990.33,16.28,0,0,439
21-12-2024 00:00,214.71,288.71,97.93,75,130.24,54.23,9.97,1.7,13,2.14,11.47,None,70.81,0.69,201.45,65.95,990.67,16.22,0,0,379
22-12-2024 00:00,273.21,348.38,177.38,89.79,191.94,56.15,13.76,1.58,11.09,2.54,13.32,None,71.98,0.65,185.76,57.73,990.67,15.91,0,0,401
23-12-2024 00:00,287.38,360.21,80.97,93.8,115.71,60.24,9,1.14,11.55,2.12,9.44,None,76.11,0.71,143.91,26.36,990.84,15.74,0,0,420
24-12-2024 00:00,201.09,260.27,34.38,75.06,67.88,59.2,13.31,0.97,22.63,1.64,7.3,None,72.52,0.71,154.57,44.71,991.94,16.64,0,0,384
25-12-2024 00:00,197.65,243.39,113.28,61.78,124.94,60.37,9.35,1.53,18.91,2.57,15.44,None,80.27,0.65,207.96,66.53,993.79,16.3,0,0,346
26-12-2024 00:00,218.62,283.62,119.51,76.77,137.99,67.27,10.05,1.81,16.56,1.93,10.11,None,75.99,0.65,184.72,66.39,995.64,16.65,0,0,372
27-12-2024 00:00,252.71,285.43,46.59,65.63,72.36,63.87,6,0.83,7.13,1.79,8,None,88.29,0.93,147.42,7.02,994.34,16.06,0,0,380
28-12-2024 00:00,125.93,147.87,28.73,58.05,54.24,51.76,6.42,1.03,3.43,1.22,7.82,None,89.4,0.72,170.29,14.44,993.79,16.35,0,0,
29-12-2024 00:00,114.54,133.33,3.34,33.78,20.68,52.06,6.71,0.64,18.21,0.96,4.34,None,80.94,0.98,229.86,66.38,995.46,16.17,0,0,292
30-12-2024 00:00,106.88,124,4.89,33.6,21.18,49.54,6.94,0.72,26.86,0.93,4.39,None,77.1,0.92,226.54,69.67,995.06,14.9,0,0,233
31-12-2024 00:00,171.92,223.08,34.14,59.23,58.02,40.77,10.73,2.89,22.21,1.37,6.85,None,75.08,0.81,173.95,66.7,995.88,14.63,0,0,306
01-01-2025 00:00,202.96,263.25,32.5,49.08,52.52,56.54,9.08,1.6,20.18,1.56,8.06,None,77.96,0.79,217.08,71.02,993.97,14.17,0,0,
02-01-2025 00:00,195.17,255.96,31.04,45.02,48.1,67.98,10.06,1.16,19.73,1.58,6.79,None,79.31,0.8,215.89,65.36,993.21,14.32,0,0,
03-01-2025 00:00,279.88,384.83,97.32,71.48,117.13,86.91,12.25,1.61,19.76,2.55,12.78,None,83.4,0.66,178.68,60.34,993.05,15.05,0,0,
04-01-2025 00:00,279.59,337.04,51.21,67.6,77.57,96.98,8.36,0.72,17.99,2.87,12.64,None,84.34,0.92,152.14,56.45,991.33,15.08,0,0,
05-01-2025 00:00,189.21,240.79,21.29,42.11,39.71,75.9,5.79,0.83,12.21,1.68,4.11,None,81.27,1.03,156.01,70.16,991.21,14.57,0,0,
06-01-2025 00:00,200.68,251.45,24.76,48.63,45.71,72.72,7.65,0.73,18.12,1.65,5.35,None,80.34,0.84,191.19,60.56,992.15,15.36,0,0,
07-01-2025 00:00,175,234.75,29.41,36.26,43.2,82.64,10.3,0.99,26.8,1.39,6.21,None,81.15,0.84,218.78,34.82,992.93,14.79,0,0,
08-01-2025 00:00,150.46,218.75,60.14,58.93,80.24,68.61,12.64,1.3,30.4,1.67,8.81,None,73.69,0.78,219.98,88.03,990.68,15.31,0,0,
09-01-2025 00:00,276.67,366.37,149.35,85.33,189.45,83.28,14.74,2,27.28,2.34,11.31,None,77.3,0.61,178.07,65.77,993.03,14.91,0,0,
10-01-2025 00:00,271.58,342.54,128.35,54.13,133.11,79.94,10.27,1.4,16.4,2.23,9.07,None,85.26,0.74,149.23,59.96,994.93,14.12,0,0,
11-01-2025 00:00,169.25,200.38,13.31,53.23,39.13,65.02,9.14,0.71,26.68,1.42,5.14,None,85,1.04,170.91,46.86,993.6,14.69,0,0,
12-01-2025 00:00,166,195.46,58.68,56.98,78.01,57.09,9.99,0.95,15.69,1.92,9.82,None,83.5,0.69,208.33,38.76,994.44,15.28,0,0,
13-01-2025 00:00,133.96,171.17,14.27,48.99,37.66,55.04,9.07,0.75,18.19,1.15,6.02,None,80.95,0.87,222.26,80.59,993.69,15.6,0,0,
14-01-2025 00:00,164.38,226,78.73,56.47,101.46,58.58,8.33,1.64,33.17,1.62,7.21,None,79.79,0.79,214.45,81.08,993.78,15.44,0,0,
15-01-2025 00:00,260.04,314.96,131.34,54.99,136.01,68.11,6.92,0.84,12.74,2.62,11.04,None,86.07,0.83,166.24,42.75,995.21,14.4,0,0,
16-01-2025 00:00,160.17,203.61,94.1,55.67,106.11,57.5,6.93,1.58,21.11,1.55,8.42,None,80.36,0.74,166.9,56.75,995.97,15.62,0,0,
17-01-2025 00:00,159.58,209.5,25.3,47.37,45.77,54.26,5.83,0.7,23.72,1.69,8.86,None,81.43,0.83,219.71,81.93,995.53,15.12,0,0,
18-01-2025 00:00,166.72,227.75,56.78,52.46,74.06,56.95,3.9,1.21,33.25,1.53,6.74,None,76.25,0.86,189.22,75.76,993.38,15.91,0,0,
19-01-2025 00:00,247.58,336.17,182.03,69.97,185.18,67.09,7.5,1.63,32.59,2.35,11.18,None,75.76,0.67,189.93,76.84,991.96,17.61,0,0,
20-01-2025 00:00,169.83,229.5,20.11,63.02,49.87,62.69,5.72,0.84,3.23,1.28,7.59,None,73.01,0.81,223.18,87.48,990.38,17.84,0,0,
21-01-2025 00:00,140.58,210.17,14.27,63.48,45.37,56.29,10.49,0.72,23.97,1.12,7.16,None,69.55,0.85,215.84,95.28,989.08,17.38,0,0,
22-01-2025 00:00,118.33,191.21,80.08,67.65,101.09,53.71,6.56,1.29,28.55,1.66,9.27,None,71.47,0.7,209.67,92.05,988.88,17.39,0,0,
23-01-2025 00:00,114.54,160,58.73,68.76,84.32,54.62,2.05,0.64,32.35,1.97,9.57,None,67.83,0.79,216.64,95.39,990.25,18.01,0,0,
24-01-2025 00:00,88.92,145.54,8.23,61.43,39.37,44.32,1.33,0.66,40.98,1.13,5.92,None,61.25,0.9,223.6,102.3,990.43,17.17,0,0,
25-01-2025 00:00,72.31,130.74,7.57,57.07,36.45,35.8,1.15,0.59,51.52,0.74,4.34,None,57.53,0.92,219.08,122.14,989.9,16.68,0,0,
26-01-2025 00:00,87.13,154.13,47.86,68.71,75.45,38.12,3.59,1.01,72.28,0.9,2.88,None,51.63,0.82,229.95,165.88,989.88,18.21,0,0,
27-01-2025 00:00,114.88,196.75,39.51,74.68,71.84,44.42,2.61,0.83,44.62,1.06,5.11,None,65.12,0.75,224.24,104.83,988.45,15.92,0,0,
28-01-2025 00:00,121.79,207.38,76.68,86.66,108.64,46.14,3.1,1.37,46.73,1.25,5.99,None,65.75,0.73,208.89,104,988.15,16.19,0,0,
29-01-2025 00:00,225.92,332.88,175.73,78.21,190.17,61.25,6.15,1.56,47.05,2,9.55,None,72.38,0.82,173.75,93.16,989.49,16.54,0,0,
30-01-2025 00:00,211.25,303.04,117.77,68.44,132.13,68.49,8.24,1.28,38.72,1.55,6.97,None,75.06,0.78,158.11,91.22,986.55,17.41,0,0,
31-01-2025 00:00,211.83,291.5,149.5,68.15,157.77,68.62,7.76,1.24,46.79,1.85,10,None,75.22,0.69,185.86,90.33,986.11,18.14,0,0,
01-02-2025 00:00,227.51,310.48,88.87,77.85,113.65,72.02,10.42,1.25,35.8,2.07,9.91,None,75.91,0.69,159.22,75.31,988.48,17.96,0,0,
02-02-2025 00:00,188.96,246.25,11.66,51.55,36.9,64.12,9.77,0.74,25.77,1.29,5.76,None,75.49,0.77,221,83.01,990.45,17.22,0,0,
03-02-2025 00:00,120.71,192.21,41.16,57.67,64.13,47.09,10.07,1.07,33.72,1.26,5.79,None,68.6,0.71,211.31,103.53,989.91,17.33,0,0,
04-02-2025 00:00,180,291.96,79.61,68.76,101.28,62.26,14.12,1.29,24.52,1.82,8.85,None,66.16,0.82,171.36,67.96,989.75,18.46,0,0,
05-02-2025 00:00,115.08,165.88,12.35,36.5,29.45,51.78,10.77,0.73,41.92,1,4.52,None,62.35,0.83,232.47,118.85,990.58,17.66,0,0,
06-02-2025 00:00,86.42,151.54,3.31,31.33,19.36,39,13.99,0.59,68.46,0.97,4.5,None,53.16,1.25,241.11,120.73,992.26,18.03,0,0,
07-02-2025 00:00,71.46,132.96,4.65,33.39,21.54,32.56,13.11,0.73,60.97,0.73,4.54,None,50.84,1.03,226.49,116.8,991.75,17.36,0,0,
08-02-2025 00:00,74.25,142.08,22.53,50.2,45.02,33.72,10.48,0.91,50.22,0.94,5.3,None,53.49,0.88,217.44,118.34,990.53,17.7,0,0,
09-02-2025 00:00,111.04,194.54,81.48,73.89,105.55,42.12,12.94,1.2,46,1.21,7.11,None,62.03,0.72,221.36,115.84,989.64,17.74,0,0,
10-02-2025 00:00,131.46,232.54,137.15,80.64,155.38,46.13,12.71,1.62,38.73,1.71,10.68,None,63.7,0.7,221.94,99.08,989.09,18.32,0,0,
11-02-2025 00:00,127.38,223.5,137.36,81.3,154.8,46.51,10.71,1.19,49.31,1.91,10.76,None,62.62,0.78,205.58,111.42,988.43,19.08,0,0,
12-02-2025 00:00,75.29,159.33,40.06,50.09,59.19,37.07,8.23,0.69,48.5,1.27,7.11,None,55.4,1.04,229.1,124.99,989.45,19.2,0,0,
13-02-2025 00:00,47.11,130.58,2.89,44.71,26.01,29.04,11.75,0.61,66.56,1.92,13.73,None,46.43,1.18,233.79,155.67,990.12,19.68,0,0,
14-02-2025 00:00,57.47,140.88,17.2,67.17,49.72,28.07,11.68,0.83,45.65,2.38,20.82,None,50.02,0.98,226.47,129.18,988.24,18.5,0,0,
15-02-2025 00:00,94.25,213.88,96.35,87.74,130.85,37.01,14.16,1.45,44.67,3.49,28.06,None,55.95,0.9,181.45,110.22,986.28,18.53,0,0,
16-02-2025 00:00,166.58,278.46,82.75,83.09,118.25,50.58,11.73,1.05,48.35,4.92,26.73,None,60.93,0.82,182.43,106.69,987.82,19.38,0,0,
17-02-2025 00:00,100.01,187.44,133.73,82.83,152.76,43.48,13.69,1.39,41.25,4.22,29.14,None,62.94,0.81,197.48,113.11,990.41,19.3,0,0,
18-02-2025 00:00,78.54,171.08,93.14,79.25,117.88,39.69,9.29,1.19,32.24,4.82,37.38,None,58.86,0.82,216.67,112.36,989.91,19.6,0,0,
19-02-2025 00:00,79.08,166.62,50.67,76.74,82,38.33,10.34,0.83,43.32,4.63,32.47,None,57.75,0.84,215.98,117.7,988.31,19.64,0,0,
20-02-2025 00:00,59,114.67,18.58,59.42,46.72,43.27,10.86,0.64,44.56,2.17,17.12,None,62.75,1.23,143.04,116.39,989.03,19.89,0,0,
21-02-2025 00:00,92.79,151.04,23.22,60.77,50.99,43.74,11.89,0.73,48.02,3.21,18.28,None,62.62,0.84,195.23,105.43,991.71,19.51,0,0,
22-02-2025 00:00,65.38,109.38,8.44,48.19,32.5,36.62,9.19,0.65,42.97,2.56,14.8,None,66.26,0.91,230.42,133.43,991.82,18.43,0,0,
23-02-2025 00:00,73.25,124.92,25.29,61.17,53.1,33.41,9.67,0.55,45.99,2.72,19.63,None,64.03,0.79,223.73,139.97,992.65,18.8,0,0,
24-02-2025 00:00,87.08,146.42,61.56,63.14,83.09,36.41,9.48,0.95,48.72,2.93,25.24,None,64.93,0.79,220.81,136.59,993.54,19.09,0,0,
25-02-2025 00:00,94.58,175.54,102.77,73.79,122.78,36.79,10.72,1.23,52.09,4.34,31.7,None,63.24,0.8,214.18,127.23,993.81,19.47,0,0,
26-02-2025 00:00,112.25,243.79,136.93,96.34,162.55,46.45,13.82,1.3,43.92,4.38,33.23,None,60.52,0.83,162.07,114.74,993.51,21.34,0,0,
27-02-2025 00:00,71.71,159.33,49.78,64.71,74.88,44.47,6.77,0.79,19.74,2.94,21.6,None,63.6,1.18,135.38,43.44,990.7,20.4,0,0,
28-02-2025 00:00,59.62,120.67,8.06,45.1,30.54,40.57,7.52,0.61,25.56,1.82,9.88,None,65.19,1.13,144.95,72.07,987.49,20.4,0,0,
01-03-2025 00:00,63.23,100.56,11.44,43.93,32.67,46.52,7.17,0.75,35.77,2.28,15.8,None,67.77,1.12,123.96,121.87,988.4,20.71,0,0,
02-03-2025 00:00,54.12,101.58,19.73,46.29,40.67,34.14,6.89,0.7,41.68,2.18,11.47,None,57.88,1.12,194.92,152.61,987.94,19.97,0,0,
03-03-2025 00:00,60.33,150.42,30.46,73.97,64.11,32.41,9.56,0.76,51.86,2.76,14.85,None,53.73,0.92,181.54,142.19,986.67,20.44,0,0,
04-03-2025 00:00,54.17,138.58,8.17,34.47,24.98,29.8,8.57,0.55,56.62,2.06,8.1,None,56.27,1.32,236.75,142.93,988.03,20.31,0,0,
05-03-2025 00:00,28.04,97.54,1.95,20.65,12.56,19.42,8.97,0.58,73.88,1.53,6.81,None,47.49,1.63,253.12,160.56,989.23,18.76,0,0,
06-03-2025 00:00,41.04,105.5,47.06,42.69,59.34,18.43,10.79,0.96,64.15,2.02,14.26,None,44.81,1.09,221.95,159.64,987.38,19.28,0,0,
07-03-2025 00:00,90.54,176.08,97.92,67.42,115.46,30.3,16.45,1.16,47.33,5.05,33.42,None,54.31,0.94,223.26,149.17,986.08,19.46,0,0,
08-03-2025 00:00,68.17,135.25,63.62,67.72,87.75,32.35,10.91,1.03,50.76,3.25,20.55,None,55.1,0.95,222.43,158.56,984.4,20.43,0,0,
09-03-2025 00:00,95.04,185.33,113.41,76.49,131.9,38.14,11.38,0.92,49.14,4.13,25.05,None,57.38,0.94,166.07,146.27,987.68,21.44,0,0,
10-03-2025 00:00,100,191.33,49.74,68.45,75.98,43.14,11.2,1.12,50.17,3.65,12.19,None,56.3,0.98,147.47,130.48,990.91,21.87,0,0,
11-03-2025 00:00,116.88,227.79,95.01,89.33,124.74,51.72,13.39,1.15,68.9,5.01,30.66,None,58.32,0.88,183.03,123.74,988.7,22.71,0,0,
12-03-2025 00:00,104.49,189.16,24.59,80.51,62.81,65.53,10.88,0.79,45.36,4.7,31.74,None,58.56,0.94,227.55,146.44,984.79,22.88,0,0,
13-03-2025 00:00,85.25,168,6.23,61.66,37.86,76.46,14.55,0.66,60.34,3.31,17.93,None,55.42,0.96,188.33,111.89,982.89,23.22,0,0,
14-03-2025 00:00,78.17,121.96,26.85,50.78,48.83,74.55,9.97,0.92,59.61,2.75,12.56,None,56.93,1.1,158.67,136.02,984.34,22.98,0,0,
15-03-2025 00:00,29.23,58.59,2.2,25.19,15.16,71.59,10.19,0.53,65.11,1.38,3.9,None,53.1,1.74,106.05,140.93,986.09,22.58,0,0,
16-03-2025 00:00,47.04,81.54,5.15,36.52,23.61,69,13.31,0.59,55.1,2.36,10.94,None,52.98,1.16,198.25,165.7,987.32,22.41,0,0,
17-03-2025 00:00,51.58,85.42,11.49,43.37,32.21,68.63,11.66,0.69,59.86,1.91,10.03,None,55.6,1.17,219.51,152.88,988.17,21.8,0,0,
18-03-2025 00:00,52.96,106.83,21.84,56.71,47.92,65.92,12.12,0.72,56.35,2.46,17.85,None,54.66,1.11,234.74,169.3,987.97,21.55,0,0,
19-03-2025 00:00,68.49,136.59,23.98,65.03,54.08,65.52,14.48,0.72,54.7,3.46,21.63,None,51.44,1.05,232.98,173.28,988.57,22.47,0,0,
20-03-2025 00:00,54.46,127.25,61.68,66.18,85.33,63.97,9.95,0.91,49.11,3.84,35.84,None,51.75,1.08,223.38,170.28,989.76,22.93,0,0,
21-03-2025 00:00,64.08,130.88,14.19,58.92,42.88,68.27,14.64,0.7,49.86,3.02,16.49,None,50.47,1.3,247.66,170.05,989.41,22.53,0,0,
22-03-2025 00:00,61.33,142.62,55.72,67.27,81.08,67.01,15.03,0.93,54.44,3.09,17.98,None,52.48,1.17,230.25,156.6,988,22.58,0,0,
23-03-2025 00:00,65.46,159.96,74.35,72.08,98.78,66.65,10.27,0.84,64.58,2.85,16.15,None,51.57,0.93,191.73,163.78,989.52,22.84,0,0,
24-03-2025 00:00,89.04,185.42,82.77,74.7,105.57,69.09,12.6,1.15,69,3.64,18.17,None,49.25,1.05,191.79,165.12,989.04,23.67,0,0,
25-03-2025 00:00,107.17,230.71,79.44,86.36,110.49,73.19,17.23,1.16,74.43,4.59,22.81,None,47.46,0.95,182.46,160.71,985,24.34,0,0,
26-03-2025 00:00,91,211.29,138.31,92.82,160.6,73.68,12.08,1.76,57.98,4.42,25.55,None,46.75,0.92,214.73,57,982.19,25.1,0,0,
27-03-2025 00:00,81.96,241.67,129.43,74.92,151.66,73.17,11.97,1.16,43.9,4.36,30.93,None,46.9,1.09,216.58,49.34,981.86,25.06,0,0,
28-03-2025 00:00,51.17,202.08,16.26,34.14,31.38,61.81,14.06,0.57,82.56,2.03,12.71,None,40.29,2.13,268.89,62.26,984.77,23.91,0,0,
29-03-2025 00:00,32.27,114.74,1.56,29.45,16.89,54.19,14.03,0.58,93.81,1.54,7.59,None,36.48,2.06,278.12,47.57,985.66,25.73,0,0,
30-03-2025 00:00,34.29,92.54,10.15,41.91,30.54,54.74,15.14,0.7,87.42,1.42,7.68,None,36.94,1.66,267.58,62.88,985.88,26.8,0,0,
31-03-2025 00:00,65.21,117.12,4.79,56.07,33.72,61.27,20.04,0.6,71.95,2.1,12.45,None,39.58,1.42,253.07,55.05,986.02,27.44,0,0,
01-04-2025 00:00,61.05,141.97,15.29,56.95,42.72,58.44,19.3,0.84,70.28,2.19,14.16,None,37.03,1.3,250.28,64.59,985.03,27.97,0,0,
02-04-2025 00:00,83.04,180.08,78.68,73.44,103.02,62.91,26.36,1.29,63.35,3.38,22.77,None,41.55,1,217.82,161.32,985.89,27.93,0,0,
03-04-2025 00:00,64.62,164.71,85.71,82.76,113.15,60.33,11.35,1.03,53.94,3.24,24.82,None,40.26,0.88,196.4,64.62,986.47,28.85,0,0,
04-04-2025 00:00,65.79,191.62,54.03,72.07,82.25,62.58,13.3,0.79,71,3.49,28.28,None,37.45,1.05,228.97,62.36,986.06,29.78,0,0,
05-04-2025 00:00,61.04,145.39,22.18,53.13,46.29,67.7,18.23,0.88,80.36,2.53,17.48,None,39.74,1.13,238.14,105.7,984.15,28.94,0,0,
06-04-2025 00:00,92.96,163.62,78.34,70.37,101.1,67.62,19.61,1.16,70.54,2.95,17.91,None,42.49,0.86,213.84,95.23,982.4,29.39,0,0,
07-04-2025 00:00,96.08,215.92,138.21,84.64,157.36,74.15,19.27,1.25,78.45,4.49,23.79,None,44.89,0.89,157.61,132.14,983.53,30.38,0,0,
08-04-2025 00:00,94.5,244,29.49,74.86,63.79,80.03,17.04,0.77,84.91,3.35,15.49,None,43.31,1.01,136.55,111.33,985.5,30.9,0,0,
09-04-2025 00:00,93.57,242.13,7.19,74.83,45.51,88.7,16.88,0.93,71.72,3.04,11.07,None,45.96,1.07,134.38,69.14,983.14,31.57,0,0,
10-04-2025 00:00,69.12,227.35,11.7,53.58,38.01,83.07,16.28,0.59,79.31,2.17,11.09,None,43.46,1.23,155.04,70.06,979.05,31.26,0,0,
11-04-2025 00:00,41.46,121.17,1.82,25.49,15,80.24,10.04,0.6,70.87,1.46,4.93,None,53.45,1.89,157.41,152.6,979.23,28.35,0,0,
12-04-2025 00:00,41.21,91.46,3.45,34.52,21.12,73.47,13.65,0.63,88.84,1.71,6.93,None,49.62,1.39,124.02,161.8,982.02,28.46,0,0,
13-04-2025 00:00,49.71,119.29,35.52,66.92,64.47,70.69,15.69,0.96,77.95,2.17,12.28,None,44.98,0.89,154.6,153.32,983.61,29.57,0,0,
14-04-2025 00:00,64.92,170.62,32.04,55.82,55.46,77.23,11.15,0.58,70.78,2.74,8.33,None,47.74,1.13,143.1,165.96,983.86,29.75,0,0,
15-04-2025 00:00,58.83,168.96,26.84,73.77,61.06,80.62,10.89,0.89,63.33,2.47,7.69,None,46.93,0.98,150.61,144.02,984.08,30.2,0,0,
16-04-2025 00:00,84.04,228.38,28.32,75.73,63.3,85.19,13.13,0.84,77.53,2.8,12.53,None,46.93,0.96,153.5,139.24,982.6,30.83,0,0,
17-04-2025 00:00,66.21,195.33,21.44,71.44,55.43,79.22,13.54,1.04,89.63,2.78,13.01,None,43.57,1.31,144.73,152.44,980.16,31.61,0,0,
18-04-2025 00:00,68.88,201.42,2.97,38.92,23.12,83.71,12.87,0.69,84.67,1.95,6.56,None,48.93,1.39,134.95,149.02,978.65,31.09,0,0,
19-04-2025 00:00,50.67,143.29,1.53,29.37,16.87,84.26,10.48,0.69,60.57,1.51,4.29,None,50.25,1.68,150.32,147.52,979.1,30.7,0,0,
20-04-2025 00:00,53.96,144.17,1.55,35.08,19.93,82.81,10.17,0.73,63.48,1.56,3.43,None,49.69,1.31,151.09,148.9,979.22,31.4,0,0,
21-04-2025 00:00,74.49,223.85,19.12,66.92,51.14,75.98,11.67,0.72,48.58,2.29,8.24,None,42.81,0.98,183.76,179.08,981.83,31.98,0,0,
22-04-2025 00:00,60.96,199.62,34.6,70.4,65.26,61.13,18.15,0.87,58.4,2.49,14.43,None,32.59,0.88,204.65,179.34,983.33,30.72,0,0,
23-04-2025 00:00,65.83,193.62,19.5,67.63,51.66,59.71,19.74,0.97,77.75,2.34,16.32,None,31.93,0.92,206.68,178.31,981.03,30.98,0,0,
24-04-2025 00:00,87.42,211.71,104.35,87.44,130.43,63.83,22.71,1.35,66.46,3.51,22.67,None,35.53,0.86,209.71,177.97,978.77,30.77,0,0,
25-04-2025 00:00,79.25,228.54,142.58,89.53,161.04,65.66,15.59,1.31,72.7,4.18,28.25,None,38.09,0.86,182.9,170.84,979.5,31.23,0,0,
26-04-2025 00:00,82.65,230.09,109.94,90.65,137.57,66.21,14.48,0.94,70.52,3.54,22.39,None,37.24,0.94,199.99,136.4,979.33,31.29,0,0,
27-04-2025 00:00,64.17,229.29,20.62,71.15,54.61,62.71,15.71,1.14,69.35,1.76,8.4,None,34.95,1.06,177.04,141.8,980.52,31.83,0,0,
28-04-2025 00:00,93.38,271.71,18.51,53.69,43.27,69.93,18.24,0.94,91.51,2.89,11.97,None,40.23,1.19,142.97,137.55,979.59,31.26,0,0,
29-04-2025 00:00,59.96,209.62,1.47,31.83,18.13,75.29,13.25,0.96,90.27,1.48,6.64,None,46.24,1.5,143.94,146.08,980.76,30.18,0,0,
30-04-2025 00:00,68.58,189.29,3.16,35.98,21.71,77.58,12.23,0.91,83.62,1.74,6.7,None,48.18,1.25,142.01,141.92,982.04,30.7,0,0,
01-05-2025 00:00,72.09,178.69,1.29,29.37,16.65,79.4,15.39,0.95,87.12,1.61,4.58,None,48.56,1.48,144.31,136.02,982.88,31.28,0,0,
02-05-2025 00:00,50.11,132.37,18.86,40.71,36.98,75.02,9,1.2,47.21,1.4,7.82,None,70.93,1.18,157.52,87.77,984.72,26.69,0.28,27,
03-05-2025 00:00,86.46,164.75,33.16,67.39,62.8,35.72,6.1,0.99,48.53,2.89,17.31,None,65.23,0.98,158.18,151.74,981.17,28.67,0,0,
04-05-2025 00:00,100.25,195.79,17.09,58.67,45.09,25.32,12.55,0.99,46.59,2.78,16.24,None,56.26,1.22,153.06,152.45,979.3,29.98,0,0,
05-05-2025 00:00,41.3,96.46,3.81,37.4,22.92,32.49,9.54,0.96,50.34,1.17,6.62,None,55.35,1.51,125.67,113.55,981.38,28.4,0,0,
06-05-2025 00:00,58.29,131.12,8.27,45.95,31.17,31.82,9.23,1,49.11,1.75,8.13,None,54.54,1.27,148.96,188.91,980.8,29.34,0,0,
07-05-2025 00:00,59.42,121.17,18.04,37.01,34.05,37.29,7.64,1.28,48.49,1.68,9.44,None,61.79,1.21,135.02,161.26,980.44,29.16,0,0,
08-05-2025 00:00,82.65,157.39,37.64,56.05,60.4,46.54,10.69,1.1,34.33,2.81,17.34,None,60.04,1.25,141.42,170.27,980.41,29.85,0,0,
09-05-2025 00:00,71.83,148.88,26.1,56.17,51.09,88.98,10.45,1.07,31.63,2.49,12.31,None,54.78,1.09,153.05,161.92,981.6,30.5,0,0,
10-05-2025 00:00,84.96,143.54,26.64,58.36,52.68,91.03,8.69,0.98,39.21,2.66,19.28,None,60.09,0.97,195.79,143.68,981.28,29.89,0,0,
11-05-2025 00:00,63.08,127.08,11.28,37.62,29.17,84.74,9.95,0.96,64.42,1.75,10.1,None,52.7,1.24,177.42,200.8,979.97,30.93,0,0,
12-05-2025 00:00,47,107.08,7.64,45.76,30.49,67.92,9.26,1.02,80.66,1.14,7.38,None,43.22,1.14,197.71,194.17,979.11,31.77,0,0,
13-05-2025 00:00,32.58,105.82,4.28,38.89,24.16,62.52,6.09,0.87,65.79,1.02,6.93,None,46.43,1.23,197.28,196.73,979.18,31.25,0,0,
14-05-2025 00:00,56.42,141.83,27.55,59.2,53.89,64.17,5.4,1.06,53.08,1.84,14.94,None,46.19,0.88,195.12,196.28,979.09,31.75,0,0,
15-05-2025 00:00,201.54,277.54,12.36,58.57,41.2,62.82,9.62,1.07,58.18,1.8,17.72,None,40.91,0.91,205.46,166.05,978.65,32.25,0,0,
16-05-2025 00:00,95,274,51.8,106.7,98.9,65.9,6.9,None,2.3,3.8,33.6,None,48,2.2,158,3,978,29.6,0,0,
